-- MySQL dump 10.13  Distrib 8.0.28, for Win64 (x86_64)
--
-- Host: localhost    Database: social_media
-- ------------------------------------------------------
-- Server version	8.0.28

/*!40101 SET @OLD_CHARACTER_SET_CLIENT=@@CHARACTER_SET_CLIENT */;
/*!40101 SET @OLD_CHARACTER_SET_RESULTS=@@CHARACTER_SET_RESULTS */;
/*!40101 SET @OLD_COLLATION_CONNECTION=@@COLLATION_CONNECTION */;
/*!50503 SET NAMES utf8 */;
/*!40103 SET @OLD_TIME_ZONE=@@TIME_ZONE */;
/*!40103 SET TIME_ZONE='+00:00' */;
/*!40014 SET @OLD_UNIQUE_CHECKS=@@UNIQUE_CHECKS, UNIQUE_CHECKS=0 */;
/*!40014 SET @OLD_FOREIGN_KEY_CHECKS=@@FOREIGN_KEY_CHECKS, FOREIGN_KEY_CHECKS=0 */;
/*!40101 SET @OLD_SQL_MODE=@@SQL_MODE, SQL_MODE='NO_AUTO_VALUE_ON_ZERO' */;
/*!40111 SET @OLD_SQL_NOTES=@@SQL_NOTES, SQL_NOTES=0 */;

--
-- Table structure for table `bookmarks`
--

DROP TABLE IF EXISTS `bookmarks`;
/*!40101 SET @saved_cs_client     = @@character_set_client */;
/*!50503 SET character_set_client = utf8mb4 */;
CREATE TABLE `bookmarks` (
  `post_id` int NOT NULL,
  `user_id` int NOT NULL,
  `created_at` timestamp NULL DEFAULT CURRENT_TIMESTAMP,
  PRIMARY KEY (`user_id`,`post_id`),
  KEY `post_id` (`post_id`),
  CONSTRAINT `bookmarks_ibfk_1` FOREIGN KEY (`post_id`) REFERENCES `post` (`post_id`),
  CONSTRAINT `bookmarks_ibfk_2` FOREIGN KEY (`user_id`) REFERENCES `users` (`user_id`)
) ENGINE=InnoDB DEFAULT CHARSET=utf8mb4 COLLATE=utf8mb4_0900_ai_ci;
/*!40101 SET character_set_client = @saved_cs_client */;

--
-- Dumping data for table `bookmarks`
--

LOCK TABLES `bookmarks` WRITE;
/*!40000 ALTER TABLE `bookmarks` DISABLE KEYS */;
INSERT INTO `bookmarks` VALUES (18,1,'2022-04-25 13:55:00'),(45,1,'2022-04-25 13:55:01'),(47,1,'2022-04-25 13:55:01'),(6,2,'2022-04-25 13:55:01'),(25,2,'2022-04-25 13:55:01'),(37,2,'2022-04-25 13:55:01'),(47,2,'2022-04-25 13:55:01'),(69,2,'2022-04-25 13:55:01'),(73,2,'2022-04-25 13:55:01'),(77,2,'2022-04-25 13:55:00'),(82,2,'2022-04-25 13:55:00'),(96,2,'2022-04-25 13:55:00'),(9,3,'2022-04-25 13:55:01'),(25,3,'2022-04-25 13:55:01'),(26,3,'2022-04-25 13:55:01'),(47,3,'2022-04-25 13:55:00'),(54,3,'2022-04-25 13:55:00'),(59,3,'2022-04-25 13:55:01'),(66,3,'2022-04-25 13:55:01'),(83,4,'2022-04-25 13:55:01'),(95,4,'2022-04-25 13:55:00'),(29,5,'2022-04-25 13:55:00'),(31,5,'2022-04-25 13:55:00'),(71,5,'2022-04-25 13:55:00'),(5,6,'2022-04-25 13:55:00'),(8,6,'2022-04-25 13:55:00'),(17,6,'2022-04-25 13:55:01'),(29,6,'2022-04-25 13:55:01'),(49,6,'2022-04-25 13:55:01'),(50,6,'2022-04-25 13:55:00'),(52,6,'2022-04-25 13:55:00'),(59,6,'2022-04-25 13:55:00'),(53,7,'2022-04-25 13:55:00'),(56,7,'2022-04-25 13:55:00'),(74,7,'2022-04-25 13:55:00'),(80,7,'2022-04-25 13:55:00'),(83,7,'2022-04-25 13:55:01'),(1,8,'2022-04-25 13:55:00'),(2,8,'2022-04-25 13:55:00'),(16,8,'2022-04-25 13:55:01'),(38,8,'2022-04-25 13:55:00'),(85,8,'2022-04-25 13:55:00'),(94,8,'2022-04-25 13:55:01'),(96,8,'2022-04-25 13:55:01'),(7,9,'2022-04-25 13:55:01'),(45,9,'2022-04-25 13:55:01'),(58,9,'2022-04-25 13:55:00'),(67,9,'2022-04-25 13:55:00'),(68,9,'2022-04-25 13:55:00'),(77,10,'2022-04-25 13:55:01'),(85,10,'2022-04-25 13:55:00'),(99,10,'2022-04-25 13:55:01'),(17,11,'2022-04-25 13:55:00'),(34,11,'2022-04-25 13:55:00'),(52,11,'2022-04-25 13:55:00'),(26,12,'2022-04-25 13:55:00'),(37,12,'2022-04-25 13:55:01'),(56,12,'2022-04-25 13:55:00'),(61,12,'2022-04-25 13:55:01'),(20,13,'2022-04-25 13:55:00'),(21,13,'2022-04-25 13:55:01'),(49,13,'2022-04-25 13:55:00'),(51,13,'2022-04-25 13:55:01'),(84,14,'2022-04-25 13:55:01'),(99,14,'2022-04-25 13:55:00'),(4,17,'2022-04-25 13:55:01'),(44,17,'2022-04-25 13:55:00'),(100,17,'2022-04-25 13:55:01'),(45,18,'2022-04-25 13:55:00'),(12,19,'2022-04-25 13:55:01'),(31,19,'2022-04-25 13:55:01'),(86,19,'2022-04-25 13:55:01'),(49,20,'2022-04-25 13:55:00'),(84,20,'2022-04-25 13:55:01'),(98,20,'2022-04-25 13:55:01'),(3,21,'2022-04-25 13:55:01'),(10,21,'2022-04-25 13:55:00'),(59,21,'2022-04-25 13:55:01'),(62,21,'2022-04-25 13:55:01'),(79,21,'2022-04-25 13:55:01'),(13,22,'2022-04-25 13:55:00'),(59,22,'2022-04-25 13:55:01'),(76,22,'2022-04-25 13:55:00'),(89,22,'2022-04-25 13:55:01'),(91,22,'2022-04-25 13:55:00'),(100,22,'2022-04-25 13:55:00'),(9,23,'2022-04-25 13:55:01'),(53,23,'2022-04-25 13:55:00'),(54,23,'2022-04-25 13:55:00'),(24,24,'2022-04-25 13:55:00'),(16,25,'2022-04-25 13:55:00'),(18,25,'2022-04-25 13:55:00'),(22,25,'2022-04-25 13:55:01'),(5,26,'2022-04-25 13:55:00'),(2,27,'2022-04-25 13:55:01'),(62,27,'2022-04-25 13:55:00'),(64,27,'2022-04-25 13:55:01'),(71,27,'2022-04-25 13:55:01'),(80,27,'2022-04-25 13:55:00'),(86,27,'2022-04-25 13:55:01'),(43,28,'2022-04-25 13:55:00'),(63,28,'2022-04-25 13:55:00'),(19,30,'2022-04-25 13:55:00'),(41,30,'2022-04-25 13:55:00'),(58,30,'2022-04-25 13:55:01'),(59,30,'2022-04-25 13:55:00'),(68,30,'2022-04-25 13:55:00'),(78,30,'2022-04-25 13:55:01'),(56,31,'2022-04-25 13:55:00'),(69,31,'2022-04-25 13:55:00'),(89,31,'2022-04-25 13:55:00'),(90,31,'2022-04-25 13:55:00'),(29,32,'2022-04-25 13:55:00'),(91,32,'2022-04-25 13:55:00'),(4,33,'2022-04-25 13:55:00'),(31,33,'2022-04-25 13:55:00'),(35,33,'2022-04-25 13:55:00'),(56,33,'2022-04-25 13:55:01'),(58,33,'2022-04-25 13:55:01'),(62,33,'2022-04-25 13:55:01'),(19,34,'2022-04-25 13:55:01'),(21,34,'2022-04-25 13:55:00'),(41,34,'2022-04-25 13:55:00'),(51,34,'2022-04-25 13:55:01'),(12,35,'2022-04-25 13:55:01'),(23,35,'2022-04-25 13:55:00'),(29,35,'2022-04-25 13:55:00'),(32,35,'2022-04-25 13:55:01'),(48,35,'2022-04-25 13:55:00'),(62,35,'2022-04-25 13:55:00'),(65,35,'2022-04-25 13:55:01'),(16,36,'2022-04-25 13:55:00'),(25,36,'2022-04-25 13:55:00'),(14,37,'2022-04-25 13:55:01'),(45,37,'2022-04-25 13:55:01'),(74,37,'2022-04-25 13:55:01'),(95,37,'2022-04-25 13:55:00'),(20,38,'2022-04-25 13:55:01'),(30,38,'2022-04-25 13:55:01'),(31,38,'2022-04-25 13:55:01'),(32,38,'2022-04-25 13:55:00'),(95,38,'2022-04-25 13:55:01'),(57,39,'2022-04-25 13:55:01'),(78,39,'2022-04-25 13:55:01'),(95,39,'2022-04-25 13:55:00'),(16,40,'2022-04-25 13:55:01'),(66,40,'2022-04-25 13:55:01'),(74,40,'2022-04-25 13:55:00'),(77,40,'2022-04-25 13:55:00'),(80,40,'2022-04-25 13:55:00'),(92,40,'2022-04-25 13:55:00'),(96,40,'2022-04-25 13:55:01'),(10,41,'2022-04-25 13:55:00'),(33,41,'2022-04-25 13:55:00'),(6,42,'2022-04-25 13:55:00'),(26,42,'2022-04-25 13:55:01'),(39,42,'2022-04-25 13:55:00'),(66,42,'2022-04-25 13:55:00'),(71,42,'2022-04-25 13:55:01'),(3,43,'2022-04-25 13:55:01'),(23,43,'2022-04-25 13:55:00'),(24,43,'2022-04-25 13:55:01'),(39,43,'2022-04-25 13:55:00'),(72,43,'2022-04-25 13:55:01'),(88,43,'2022-04-25 13:55:00'),(66,44,'2022-04-25 13:55:01'),(67,45,'2022-04-25 13:55:00'),(89,45,'2022-04-25 13:55:01'),(99,45,'2022-04-25 13:55:01'),(41,46,'2022-04-25 13:55:01'),(42,46,'2022-04-25 13:55:00'),(62,46,'2022-04-25 13:55:00'),(64,46,'2022-04-25 13:55:00'),(88,46,'2022-04-25 13:55:01'),(94,46,'2022-04-25 13:55:01'),(16,47,'2022-04-25 13:55:01'),(35,47,'2022-04-25 13:55:01'),(67,47,'2022-04-25 13:55:01'),(72,47,'2022-04-25 13:55:01'),(95,47,'2022-04-25 13:55:00'),(65,48,'2022-04-25 13:55:00'),(6,49,'2022-04-25 13:55:00'),(57,49,'2022-04-25 13:55:01'),(63,49,'2022-04-25 13:55:00'),(76,49,'2022-04-25 13:55:01'),(77,49,'2022-04-25 13:55:01'),(3,50,'2022-04-25 13:55:01'),(14,50,'2022-04-25 13:55:00'),(17,50,'2022-04-25 13:55:00'),(38,50,'2022-04-25 13:55:01'),(57,50,'2022-04-25 13:55:00'),(58,50,'2022-04-25 13:55:00'),(77,50,'2022-04-25 13:55:01'),(98,50,'2022-04-25 13:55:00');
/*!40000 ALTER TABLE `bookmarks` ENABLE KEYS */;
UNLOCK TABLES;

--
-- Table structure for table `comment_likes`
--

DROP TABLE IF EXISTS `comment_likes`;
/*!40101 SET @saved_cs_client     = @@character_set_client */;
/*!50503 SET character_set_client = utf8mb4 */;
CREATE TABLE `comment_likes` (
  `user_id` int NOT NULL,
  `comment_id` int NOT NULL,
  `created_at` timestamp NULL DEFAULT CURRENT_TIMESTAMP,
  PRIMARY KEY (`user_id`,`comment_id`),
  KEY `comment_id` (`comment_id`),
  CONSTRAINT `comment_likes_ibfk_1` FOREIGN KEY (`user_id`) REFERENCES `users` (`user_id`),
  CONSTRAINT `comment_likes_ibfk_2` FOREIGN KEY (`comment_id`) REFERENCES `comments` (`comment_id`)
) ENGINE=InnoDB DEFAULT CHARSET=utf8mb4 COLLATE=utf8mb4_0900_ai_ci;
/*!40101 SET character_set_client = @saved_cs_client */;

--
-- Dumping data for table `comment_likes`
--

LOCK TABLES `comment_likes` WRITE;
/*!40000 ALTER TABLE `comment_likes` DISABLE KEYS */;
INSERT INTO `comment_likes` VALUES (1,2,'2022-04-25 13:55:01'),(1,94,'2022-04-25 13:55:02'),(1,120,'2022-04-25 13:55:02'),(1,122,'2022-04-25 13:55:01'),(1,124,'2022-04-25 13:55:02'),(1,133,'2022-04-25 13:55:02'),(1,171,'2022-04-25 13:55:01'),(2,8,'2022-04-25 13:55:01'),(2,57,'2022-04-25 13:55:02'),(2,146,'2022-04-25 13:55:01'),(2,157,'2022-04-25 13:55:01'),(3,4,'2022-04-25 13:55:01'),(3,5,'2022-04-25 13:55:01'),(3,7,'2022-04-25 13:55:01'),(3,42,'2022-04-25 13:55:02'),(3,94,'2022-04-25 13:55:02'),(3,114,'2022-04-25 13:55:02'),(3,119,'2022-04-25 13:55:02'),(3,158,'2022-04-25 13:55:02'),(3,194,'2022-04-25 13:55:02'),(3,196,'2022-04-25 13:55:02'),(3,199,'2022-04-25 13:55:01'),(4,1,'2022-04-25 13:55:01'),(4,4,'2022-04-25 13:55:01'),(4,14,'2022-04-25 13:55:02'),(4,37,'2022-04-25 13:55:02'),(4,72,'2022-04-25 13:55:02'),(4,131,'2022-04-25 13:55:02'),(4,138,'2022-04-25 13:55:02'),(4,162,'2022-04-25 13:55:01'),(5,2,'2022-04-25 13:55:01'),(5,32,'2022-04-25 13:55:01'),(5,47,'2022-04-25 13:55:01'),(5,62,'2022-04-25 13:55:02'),(5,147,'2022-04-25 13:55:02'),(5,176,'2022-04-25 13:55:02'),(6,1,'2022-04-25 13:55:01'),(6,9,'2022-04-25 13:55:01'),(6,41,'2022-04-25 13:55:02'),(6,68,'2022-04-25 13:55:02'),(6,72,'2022-04-25 13:55:02'),(6,115,'2022-04-25 13:55:02'),(6,118,'2022-04-25 13:55:01'),(6,129,'2022-04-25 13:55:02'),(6,150,'2022-04-25 13:55:02'),(6,168,'2022-04-25 13:55:01'),(7,3,'2022-04-25 13:55:02'),(7,5,'2022-04-25 13:55:01'),(7,153,'2022-04-25 13:55:01'),(8,3,'2022-04-25 13:55:01'),(8,106,'2022-04-25 13:55:02'),(8,115,'2022-04-25 13:55:02'),(9,3,'2022-04-25 13:55:01'),(9,8,'2022-04-25 13:55:02'),(9,38,'2022-04-25 13:55:02'),(9,84,'2022-04-25 13:55:02'),(9,90,'2022-04-25 13:55:02'),(9,100,'2022-04-25 13:55:02'),(9,110,'2022-04-25 13:55:02'),(9,134,'2022-04-25 13:55:02'),(9,153,'2022-04-25 13:55:02'),(9,187,'2022-04-25 13:55:02'),(9,188,'2022-04-25 13:55:02'),(10,89,'2022-04-25 13:55:01'),(10,110,'2022-04-25 13:55:02'),(10,138,'2022-04-25 13:55:02'),(10,150,'2022-04-25 13:55:02'),(10,191,'2022-04-25 13:55:02'),(11,4,'2022-04-25 13:55:02'),(11,9,'2022-04-25 13:55:02'),(11,33,'2022-04-25 13:55:02'),(11,45,'2022-04-25 13:55:02'),(11,55,'2022-04-25 13:55:02'),(11,101,'2022-04-25 13:55:01'),(11,141,'2022-04-25 13:55:02'),(11,143,'2022-04-25 13:55:01'),(11,144,'2022-04-25 13:55:01'),(11,196,'2022-04-25 13:55:01'),(12,15,'2022-04-25 13:55:01'),(12,91,'2022-04-25 13:55:02'),(12,129,'2022-04-25 13:55:01'),(12,137,'2022-04-25 13:55:02'),(12,143,'2022-04-25 13:55:01'),(12,151,'2022-04-25 13:55:02'),(12,166,'2022-04-25 13:55:02'),(12,198,'2022-04-25 13:55:01'),(13,14,'2022-04-25 13:55:01'),(13,20,'2022-04-25 13:55:02'),(13,25,'2022-04-25 13:55:02'),(13,36,'2022-04-25 13:55:02'),(13,61,'2022-04-25 13:55:02'),(13,62,'2022-04-25 13:55:02'),(13,121,'2022-04-25 13:55:02'),(13,138,'2022-04-25 13:55:02'),(13,142,'2022-04-25 13:55:02'),(13,175,'2022-04-25 13:55:02'),(14,45,'2022-04-25 13:55:02'),(14,51,'2022-04-25 13:55:02'),(14,74,'2022-04-25 13:55:02'),(14,87,'2022-04-25 13:55:02'),(14,114,'2022-04-25 13:55:02'),(14,115,'2022-04-25 13:55:02'),(14,124,'2022-04-25 13:55:02'),(14,187,'2022-04-25 13:55:01'),(14,191,'2022-04-25 13:55:02'),(15,22,'2022-04-25 13:55:01'),(15,81,'2022-04-25 13:55:01'),(15,82,'2022-04-25 13:55:01'),(15,124,'2022-04-25 13:55:02'),(15,190,'2022-04-25 13:55:02'),(16,14,'2022-04-25 13:55:02'),(16,22,'2022-04-25 13:55:02'),(16,57,'2022-04-25 13:55:02'),(16,115,'2022-04-25 13:55:02'),(16,142,'2022-04-25 13:55:02'),(16,155,'2022-04-25 13:55:02'),(17,42,'2022-04-25 13:55:02'),(17,69,'2022-04-25 13:55:02'),(17,74,'2022-04-25 13:55:02'),(17,79,'2022-04-25 13:55:02'),(17,102,'2022-04-25 13:55:02'),(17,113,'2022-04-25 13:55:01'),(17,155,'2022-04-25 13:55:02'),(17,171,'2022-04-25 13:55:02'),(17,176,'2022-04-25 13:55:02'),(18,6,'2022-04-25 13:55:02'),(18,102,'2022-04-25 13:55:02'),(18,180,'2022-04-25 13:55:02'),(18,181,'2022-04-25 13:55:02'),(18,195,'2022-04-25 13:55:01'),(19,33,'2022-04-25 13:55:01'),(19,51,'2022-04-25 13:55:02'),(19,69,'2022-04-25 13:55:01'),(19,87,'2022-04-25 13:55:02'),(19,106,'2022-04-25 13:55:02'),(19,111,'2022-04-25 13:55:01'),(19,128,'2022-04-25 13:55:02'),(19,129,'2022-04-25 13:55:02'),(19,147,'2022-04-25 13:55:01'),(20,28,'2022-04-25 13:55:02'),(20,54,'2022-04-25 13:55:02'),(20,76,'2022-04-25 13:55:02'),(20,99,'2022-04-25 13:55:02'),(20,104,'2022-04-25 13:55:02'),(20,133,'2022-04-25 13:55:01'),(20,148,'2022-04-25 13:55:01'),(20,151,'2022-04-25 13:55:02'),(21,42,'2022-04-25 13:55:02'),(21,59,'2022-04-25 13:55:01'),(21,71,'2022-04-25 13:55:02'),(21,101,'2022-04-25 13:55:02'),(21,180,'2022-04-25 13:55:02'),(21,183,'2022-04-25 13:55:02'),(22,48,'2022-04-25 13:55:02'),(22,65,'2022-04-25 13:55:01'),(22,73,'2022-04-25 13:55:02'),(22,82,'2022-04-25 13:55:02'),(22,99,'2022-04-25 13:55:01'),(22,104,'2022-04-25 13:55:02'),(22,139,'2022-04-25 13:55:02'),(22,148,'2022-04-25 13:55:02'),(22,149,'2022-04-25 13:55:01'),(22,162,'2022-04-25 13:55:02'),(22,177,'2022-04-25 13:55:01'),(22,186,'2022-04-25 13:55:02'),(23,59,'2022-04-25 13:55:02'),(23,74,'2022-04-25 13:55:02'),(23,77,'2022-04-25 13:55:02'),(23,99,'2022-04-25 13:55:02'),(23,163,'2022-04-25 13:55:02'),(23,198,'2022-04-25 13:55:02'),(24,25,'2022-04-25 13:55:01'),(24,52,'2022-04-25 13:55:01'),(24,111,'2022-04-25 13:55:02'),(24,149,'2022-04-25 13:55:02'),(24,191,'2022-04-25 13:55:02'),(25,4,'2022-04-25 13:55:02'),(25,5,'2022-04-25 13:55:02'),(25,12,'2022-04-25 13:55:02'),(25,17,'2022-04-25 13:55:02'),(25,24,'2022-04-25 13:55:02'),(25,31,'2022-04-25 13:55:02'),(25,55,'2022-04-25 13:55:02'),(25,78,'2022-04-25 13:55:02'),(25,96,'2022-04-25 13:55:01'),(25,99,'2022-04-25 13:55:02'),(25,112,'2022-04-25 13:55:02'),(25,159,'2022-04-25 13:55:01'),(25,177,'2022-04-25 13:55:01'),(25,178,'2022-04-25 13:55:02'),(25,195,'2022-04-25 13:55:02'),(26,29,'2022-04-25 13:55:02'),(26,55,'2022-04-25 13:55:02'),(26,71,'2022-04-25 13:55:02'),(26,129,'2022-04-25 13:55:01'),(26,133,'2022-04-25 13:55:02'),(26,140,'2022-04-25 13:55:02'),(26,144,'2022-04-25 13:55:02'),(27,4,'2022-04-25 13:55:02'),(27,31,'2022-04-25 13:55:01'),(27,53,'2022-04-25 13:55:02'),(27,95,'2022-04-25 13:55:01'),(27,130,'2022-04-25 13:55:02'),(27,146,'2022-04-25 13:55:01'),(27,174,'2022-04-25 13:55:02'),(27,177,'2022-04-25 13:55:02'),(28,2,'2022-04-25 13:55:02'),(28,80,'2022-04-25 13:55:01'),(28,179,'2022-04-25 13:55:02'),(28,198,'2022-04-25 13:55:02'),(29,25,'2022-04-25 13:55:02'),(29,30,'2022-04-25 13:55:02'),(29,41,'2022-04-25 13:55:02'),(29,58,'2022-04-25 13:55:02'),(29,85,'2022-04-25 13:55:01'),(29,99,'2022-04-25 13:55:02'),(29,100,'2022-04-25 13:55:02'),(29,111,'2022-04-25 13:55:02'),(29,116,'2022-04-25 13:55:02'),(29,164,'2022-04-25 13:55:02'),(29,182,'2022-04-25 13:55:02'),(30,12,'2022-04-25 13:55:01'),(30,25,'2022-04-25 13:55:02'),(30,42,'2022-04-25 13:55:02'),(30,69,'2022-04-25 13:55:02'),(30,90,'2022-04-25 13:55:02'),(30,130,'2022-04-25 13:55:02'),(30,135,'2022-04-25 13:55:02'),(30,150,'2022-04-25 13:55:02'),(30,162,'2022-04-25 13:55:02'),(30,186,'2022-04-25 13:55:02'),(31,4,'2022-04-25 13:55:01'),(31,81,'2022-04-25 13:55:02'),(31,91,'2022-04-25 13:55:01'),(31,169,'2022-04-25 13:55:02'),(31,189,'2022-04-25 13:55:02'),(32,18,'2022-04-25 13:55:02'),(32,26,'2022-04-25 13:55:02'),(32,28,'2022-04-25 13:55:02'),(32,36,'2022-04-25 13:55:02'),(32,49,'2022-04-25 13:55:02'),(32,73,'2022-04-25 13:55:02'),(32,78,'2022-04-25 13:55:02'),(32,86,'2022-04-25 13:55:02'),(32,139,'2022-04-25 13:55:02'),(32,171,'2022-04-25 13:55:02'),(32,191,'2022-04-25 13:55:01'),(33,25,'2022-04-25 13:55:02'),(33,45,'2022-04-25 13:55:02'),(33,46,'2022-04-25 13:55:02'),(33,54,'2022-04-25 13:55:02'),(33,64,'2022-04-25 13:55:02'),(33,72,'2022-04-25 13:55:02'),(33,120,'2022-04-25 13:55:02'),(33,132,'2022-04-25 13:55:01'),(33,198,'2022-04-25 13:55:01'),(34,41,'2022-04-25 13:55:02'),(34,71,'2022-04-25 13:55:01'),(34,133,'2022-04-25 13:55:02'),(34,146,'2022-04-25 13:55:02'),(34,156,'2022-04-25 13:55:01'),(34,172,'2022-04-25 13:55:02'),(34,193,'2022-04-25 13:55:02'),(35,13,'2022-04-25 13:55:02'),(35,47,'2022-04-25 13:55:02'),(35,72,'2022-04-25 13:55:02'),(35,85,'2022-04-25 13:55:02'),(35,164,'2022-04-25 13:55:02'),(36,17,'2022-04-25 13:55:01'),(36,53,'2022-04-25 13:55:01'),(36,78,'2022-04-25 13:55:01'),(36,106,'2022-04-25 13:55:02'),(36,114,'2022-04-25 13:55:01'),(36,129,'2022-04-25 13:55:02'),(36,178,'2022-04-25 13:55:02'),(37,24,'2022-04-25 13:55:01'),(37,65,'2022-04-25 13:55:02'),(37,131,'2022-04-25 13:55:02'),(37,136,'2022-04-25 13:55:01'),(37,141,'2022-04-25 13:55:02'),(37,149,'2022-04-25 13:55:01'),(37,168,'2022-04-25 13:55:02'),(37,171,'2022-04-25 13:55:02'),(37,191,'2022-04-25 13:55:02'),(38,45,'2022-04-25 13:55:02'),(38,48,'2022-04-25 13:55:02'),(38,57,'2022-04-25 13:55:01'),(38,76,'2022-04-25 13:55:02'),(38,106,'2022-04-25 13:55:02'),(38,107,'2022-04-25 13:55:01'),(38,137,'2022-04-25 13:55:01'),(39,56,'2022-04-25 13:55:02'),(39,66,'2022-04-25 13:55:02'),(39,121,'2022-04-25 13:55:02'),(39,134,'2022-04-25 13:55:02'),(39,168,'2022-04-25 13:55:02'),(39,195,'2022-04-25 13:55:02'),(39,197,'2022-04-25 13:55:02'),(40,98,'2022-04-25 13:55:01'),(40,111,'2022-04-25 13:55:02'),(40,140,'2022-04-25 13:55:02'),(40,167,'2022-04-25 13:55:02'),(41,72,'2022-04-25 13:55:02'),(41,87,'2022-04-25 13:55:02'),(41,130,'2022-04-25 13:55:02'),(41,138,'2022-04-25 13:55:02'),(41,146,'2022-04-25 13:55:02'),(42,14,'2022-04-25 13:55:01'),(42,114,'2022-04-25 13:55:02'),(42,146,'2022-04-25 13:55:02'),(43,84,'2022-04-25 13:55:02'),(43,96,'2022-04-25 13:55:01'),(43,105,'2022-04-25 13:55:02'),(43,123,'2022-04-25 13:55:02'),(43,133,'2022-04-25 13:55:02'),(43,168,'2022-04-25 13:55:02'),(43,178,'2022-04-25 13:55:02'),(43,190,'2022-04-25 13:55:02'),(43,196,'2022-04-25 13:55:02'),(44,53,'2022-04-25 13:55:02'),(44,58,'2022-04-25 13:55:02'),(44,82,'2022-04-25 13:55:01'),(44,130,'2022-04-25 13:55:02'),(44,132,'2022-04-25 13:55:01'),(44,134,'2022-04-25 13:55:02'),(44,148,'2022-04-25 13:55:02'),(44,159,'2022-04-25 13:55:02'),(44,184,'2022-04-25 13:55:01'),(45,4,'2022-04-25 13:55:02'),(45,36,'2022-04-25 13:55:02'),(45,37,'2022-04-25 13:55:02'),(45,70,'2022-04-25 13:55:02'),(45,82,'2022-04-25 13:55:02'),(45,136,'2022-04-25 13:55:02'),(45,137,'2022-04-25 13:55:02'),(45,170,'2022-04-25 13:55:02'),(45,178,'2022-04-25 13:55:02'),(46,6,'2022-04-25 13:55:02'),(46,34,'2022-04-25 13:55:02'),(46,66,'2022-04-25 13:55:02'),(46,72,'2022-04-25 13:55:02'),(46,88,'2022-04-25 13:55:01'),(46,102,'2022-04-25 13:55:02'),(46,130,'2022-04-25 13:55:02'),(46,195,'2022-04-25 13:55:02'),(47,14,'2022-04-25 13:55:01'),(47,19,'2022-04-25 13:55:02'),(47,27,'2022-04-25 13:55:02'),(47,77,'2022-04-25 13:55:02'),(47,86,'2022-04-25 13:55:01'),(47,92,'2022-04-25 13:55:02'),(47,160,'2022-04-25 13:55:02'),(47,189,'2022-04-25 13:55:02'),(47,192,'2022-04-25 13:55:01'),(48,11,'2022-04-25 13:55:02'),(48,29,'2022-04-25 13:55:02'),(48,42,'2022-04-25 13:55:02'),(48,48,'2022-04-25 13:55:02'),(48,93,'2022-04-25 13:55:02'),(48,97,'2022-04-25 13:55:02'),(48,102,'2022-04-25 13:55:02'),(48,146,'2022-04-25 13:55:01'),(48,173,'2022-04-25 13:55:01'),(48,181,'2022-04-25 13:55:02'),(49,5,'2022-04-25 13:55:02'),(49,32,'2022-04-25 13:55:02'),(49,40,'2022-04-25 13:55:02'),(49,53,'2022-04-25 13:55:02'),(49,81,'2022-04-25 13:55:02'),(49,196,'2022-04-25 13:55:02'),(50,17,'2022-04-25 13:55:02'),(50,26,'2022-04-25 13:55:01'),(50,58,'2022-04-25 13:55:01'),(50,93,'2022-04-25 13:55:02'),(50,106,'2022-04-25 13:55:02'),(50,110,'2022-04-25 13:55:01'),(50,129,'2022-04-25 13:55:02'),(50,140,'2022-04-25 13:55:02'),(50,152,'2022-04-25 13:55:01'),(50,175,'2022-04-25 13:55:02'),(50,198,'2022-04-25 13:55:02');
/*!40000 ALTER TABLE `comment_likes` ENABLE KEYS */;
UNLOCK TABLES;

--
-- Table structure for table `comments`
--

DROP TABLE IF EXISTS `comments`;
/*!40101 SET @saved_cs_client     = @@character_set_client */;
/*!50503 SET character_set_client = utf8mb4 */;
CREATE TABLE `comments` (
  `comment_id` int NOT NULL AUTO_INCREMENT,
  `comment_text` varchar(2000) NOT NULL,
  `post_id` int NOT NULL,
  `user_id` int NOT NULL,
  `created_at` timestamp NULL DEFAULT CURRENT_TIMESTAMP,
  PRIMARY KEY (`comment_id`),
  KEY `post_id` (`post_id`),
  KEY `user_id` (`user_id`),
  CONSTRAINT `comments_ibfk_1` FOREIGN KEY (`post_id`) REFERENCES `post` (`post_id`),
  CONSTRAINT `comments_ibfk_2` FOREIGN KEY (`user_id`) REFERENCES `users` (`user_id`)
) ENGINE=InnoDB AUTO_INCREMENT=224 DEFAULT CHARSET=utf8mb4 COLLATE=utf8mb4_0900_ai_ci;
/*!40101 SET character_set_client = @saved_cs_client */;

--
-- Dumping data for table `comments`
--

LOCK TABLES `comments` WRITE;
/*!40000 ALTER TABLE `comments` DISABLE KEYS */;
INSERT INTO `comments` VALUES (1,' I was very happy to attend Dior\'s fashion show in Korea. Thank you so much for having me. See you again in Paris :)',1,6,'2022-04-25 13:55:01'),(2,'THE BEST DANCER , THE BEST RAPPER , THE BEST VOCAL , THE BEST VISUALS... THE BEST STAGE PRESENCE.. HER AURA , HER CHARISMA is top notch, unbeatable, her beauty is breathtaking ??? #LISA TRULY THE ACE OF blackpink and the kpop industry ....we missed you queen ?',1,17,'2022-04-25 13:55:01'),(3,'nice place keep enjoying',1,15,'2022-04-25 13:55:01'),(4,'great bhai meetu soon ',1,21,'2022-04-25 13:55:01'),(5,'aag lga di bhai',1,34,'2022-04-25 13:55:01'),(6,'briallant keep working',2,34,'2022-04-25 13:55:01'),(7,'soon will join you all',3,21,'2022-04-25 13:55:01'),(8,'nice man !! loved it',2,28,'2022-04-25 13:55:01'),(9,'bawnadar aayega abb ',2,48,'2022-04-25 13:55:01'),(10,'boht tezz ho rhe ho ',2,23,'2022-04-25 13:55:01'),(11,'bade acche ho beta',2,27,'2022-04-25 13:55:01'),(12,'rakh neeche rakh teri toh',3,7,'2022-04-25 13:55:01'),(13,'kaise ho bro',5,50,'2022-04-25 13:55:01'),(14,'aag lga di h bss fire extinguisher bulana pdega',3,4,'2022-04-25 13:55:01'),(15,'ek kahani h jo sabko sunnani h jakne wako ki toh rooh bhi jaalani h',3,25,'2022-04-25 13:55:01'),(16,'mast h bhai , mill tabb btata hu kon mast h ',3,31,'2022-04-25 13:55:01'),(17,'sahi lgg rha h bss ',2,8,'2022-04-25 13:55:01'),(18,'I think this is the best I’ve seen till now.',83,36,'2022-04-25 13:55:01'),(19,' Not enough for me, you are everything.',2,13,'2022-04-25 13:55:01'),(20,' Just when I couldn’t love you more. You posted this pic and my jaw dropped to the floor.',4,46,'2022-04-25 13:55:01'),(21,'You are a symbol of beauty.',4,38,'2022-04-25 13:55:01'),(22,' Surely you are the most beautiful woman alive, the most that I’ve seen.',4,19,'2022-04-25 13:55:01'),(23,'You mean the world to me.',4,10,'2022-04-25 13:55:01'),(24,'The word pretty is worthless without you.',5,44,'2022-04-25 13:55:01'),(25,'You are the definition of Beauty',81,4,'2022-04-25 13:55:01'),(26,'Flawless outstanding eccentric lovely beauty.',5,20,'2022-04-25 13:55:01'),(27,'The stars, the moon, and the sun are minor to me since you sparkle brighter than all of them.',5,25,'2022-04-25 13:55:01'),(28,'You are graceful.',21,47,'2022-04-25 13:55:01'),(29,' Surely you would have been arrested if looking immensely beautiful was a crime.',3,46,'2022-04-25 13:55:01'),(30,'You’re an incredibly stunning, a really pretty, beautiful woman.',5,39,'2022-04-25 13:55:01'),(31,' I guess this is your best look, you look beautiful in this outfit.',5,47,'2022-04-25 13:55:01'),(32,'You look mesmerizing.',2,22,'2022-04-25 13:55:01'),(33,'I wonder how cute you would be looking when you sleep.',6,35,'2022-04-25 13:55:01'),(34,'You are so much lovely.',2,47,'2022-04-25 13:55:01'),(35,'I love your curly hair.',2,14,'2022-04-25 13:55:01'),(36,'Your dressing sense is appreciable.',1,41,'2022-04-25 13:55:01'),(37,' You are the sweetest girl I have ever seen.',40,33,'2022-04-25 13:55:01'),(38,'. I love that straight hair of yours.',79,29,'2022-04-25 13:55:01'),(39,'You are pleasing.',45,35,'2022-04-25 13:55:01'),(40,'Just ‘WOW’ for your natural beauty.',41,33,'2022-04-25 13:55:01'),(41,'You are cute.',18,49,'2022-04-25 13:55:01'),(42,'I love how comfortable you are in your world.',45,14,'2022-04-25 13:55:01'),(43,'You are very much adorable.',39,5,'2022-04-25 13:55:01'),(44,'You look even more pretty without makeup.',47,45,'2022-04-25 13:55:01'),(45,'I feel so happy to be with you.',85,13,'2022-04-25 13:55:01'),(46,'You are my safest place.',51,35,'2022-04-25 13:55:01'),(47,'You look beautiful in that dress.',99,15,'2022-04-25 13:55:01'),(48,'. I wish I had your makeup.',5,23,'2022-04-25 13:55:01'),(49,'You are stunning.',78,14,'2022-04-25 13:55:01'),(50,'. That natural beauty tho.',25,14,'2022-04-25 13:55:01'),(51,'You have the most beautiful, sparkling eyes.',86,46,'2022-04-25 13:55:01'),(52,'You have the most beautiful smile.',70,10,'2022-04-25 13:55:01'),(53,'. Your sense of fashion is great.',70,22,'2022-04-25 13:55:01'),(54,' I like your hair.',25,32,'2022-04-25 13:55:01'),(55,'. You look more beautiful than in the photo.',24,25,'2022-04-25 13:55:01'),(56,' You look stunning.',94,15,'2022-04-25 13:55:01'),(57,'You’re classy.',89,34,'2022-04-25 13:55:01'),(58,' You’re very trendy',100,1,'2022-04-25 13:55:01'),(59,'Landscape/Scenery:',75,40,'2022-04-25 13:55:01'),(60,'Great shot!',82,29,'2022-04-25 13:55:01'),(61,'Nice shot!!',93,6,'2022-04-25 13:55:01'),(62,'Love the view.',74,31,'2022-04-25 13:55:01'),(63,'Did you have fun up there?',46,11,'2022-04-25 13:55:01'),(64,'Selfie/picture of themselves:',13,25,'2022-04-25 13:55:01'),(65,'Looking good!',31,7,'2022-04-25 13:55:01'),(66,'Pretty/beautiful!',57,44,'2022-04-25 13:55:01'),(67,'Handsome!',58,39,'2022-04-25 13:55:01'),(68,'OH MAH GOSH!!',35,7,'2022-04-25 13:55:01'),(69,'?????? (three heart-eyed emojis)',20,43,'2022-04-25 13:55:01'),(70,'Sexy pose of themselves:',98,31,'2022-04-25 13:55:01'),(71,'MESSY!',84,36,'2022-04-25 13:55:01'),(72,'OMG!',29,42,'2022-04-25 13:55:01'),(73,'OMG! Be my wife or dad already!!',100,35,'2022-04-25 13:55:01'),(74,'Hot',3,7,'2022-04-25 13:55:01'),(75,'?????? (three heart-eyed emojis)',44,7,'2022-04-25 13:55:01'),(76,'Wtf, how are you so pretty/handsome?',42,19,'2022-04-25 13:55:01'),(77,'Wow!! In love!!',32,19,'2022-04-25 13:55:01'),(78,'Classic',59,6,'2022-04-25 13:55:01'),(79,'Picture of their outfit or OOTD (outfit of the day):',99,9,'2022-04-25 13:55:01'),(80,'Ou la la',25,32,'2022-04-25 13:55:01'),(81,'Gorgeous!!',12,25,'2022-04-25 13:55:01'),(82,'Love your outfit!!',71,1,'2022-04-25 13:55:01'),(83,'Looking good, man.',2,33,'2022-04-25 13:55:01'),(84,'A picture of their pet/pets:',26,20,'2022-04-25 13:55:01'),(85,'Soooooo cute!!',48,44,'2022-04-25 13:55:01'),(86,'cute!',18,25,'2022-04-25 13:55:01'),(87,'lovely pet you got there!',22,25,'2022-04-25 13:55:01'),(88,'An inspirational quote:',36,48,'2022-04-25 13:55:01'),(89,'Inspired! Thanks for the share.',66,12,'2022-04-25 13:55:01'),(90,'Needed that, thanks!',11,35,'2022-04-25 13:55:01'),(91,'I agree/disagree.',13,21,'2022-04-25 13:55:01'),(92,'Inspirational',94,13,'2022-04-25 13:55:01'),(93,'A picture of their family or children:',28,26,'2022-04-25 13:55:01'),(94,'Lovely children.',29,20,'2022-04-25 13:55:01'),(95,'Adorable kids, you got there!',76,20,'2022-04-25 13:55:01'),(96,'They will grow up so fast!',6,23,'2022-04-25 13:55:01'),(97,'I remember when they were X small!! Time flies by to fast!',80,24,'2022-04-25 13:55:01'),(98,'A picture of their meal:',27,18,'2022-04-25 13:55:01'),(99,'Looks delish! Did you cook that?!?',5,30,'2022-04-25 13:55:01'),(100,'Yummy in my tummy. Yum!',87,15,'2022-04-25 13:55:01'),(101,'Enjoy!!',18,16,'2022-04-25 13:55:01'),(102,'??????(the drooling mouth emoji)',73,5,'2022-04-25 13:55:01'),(103,'Death of a loved one:',30,31,'2022-04-25 13:55:01'),(104,'Sorry for your loss. My condolences go to you and your family.',26,37,'2022-04-25 13:55:01'),(105,'Rip (person’s name).',80,49,'2022-04-25 13:55:01'),(106,'Sorry for your loss, friend. If you need to talk, I’m always there for you.',48,43,'2022-04-25 13:55:01'),(107,'My condolences.',56,5,'2022-04-25 13:55:01'),(108,'Anniversary:',66,50,'2022-04-25 13:55:01'),(109,'Congrats!',92,15,'2022-04-25 13:55:01'),(110,'Congratulations on your X years of marriage/engagement!!',86,49,'2022-04-25 13:55:01'),(111,'Woo!! Congrats newlywed!',26,44,'2022-04-25 13:55:01'),(112,'I’m so happy for you.',16,24,'2022-04-25 13:55:01'),(113,'Great shot!!',60,18,'2022-04-25 13:55:01'),(114,'Clean shot!!',53,26,'2022-04-25 13:55:01'),(115,'Crisp shot man.',88,11,'2022-04-25 13:55:01'),(116,'I love the aesthetics of this picture.',39,13,'2022-04-25 13:55:01'),(117,'The bookeh is dope',52,26,'2022-04-25 13:55:01'),(118,'Great tones man',72,41,'2022-04-25 13:55:01'),(119,'This one is classic',83,25,'2022-04-25 13:55:01'),(120,'This one is fire',39,3,'2022-04-25 13:55:01'),(121,'great concepts.',58,40,'2022-04-25 13:55:01'),(122,'Beautiful picture, love the colors.',30,13,'2022-04-25 13:55:01'),(123,'Woow!! Hands down!!',45,27,'2022-04-25 13:55:01'),(124,'This is purely magic.',18,36,'2022-04-25 13:55:01'),(125,'Your content is amazing.',19,6,'2022-04-25 13:55:01'),(126,'Nice shot… etc etc :)',21,29,'2022-04-25 13:55:01'),(127,'Your beauty is irresistible!!',49,25,'2022-04-25 13:55:01'),(128,'You look energetic.',13,14,'2022-04-25 13:55:01'),(129,'Impressive picture.',100,20,'2022-04-25 13:55:01'),(130,'You look strong and confident.',95,49,'2022-04-25 13:55:01'),(131,'This picture is lit!!',20,9,'2022-04-25 13:55:01'),(132,'Adorable picture.',59,45,'2022-04-25 13:55:01'),(133,'Your smile makes me Happy.',5,39,'2022-04-25 13:55:01'),(134,'Looking Gorgeous .',83,43,'2022-04-25 13:55:01'),(135,'This picture made my day.',59,45,'2022-04-25 13:55:01'),(136,'Your beauty has no boundaries.',3,12,'2022-04-25 13:55:01'),(137,'My word can’t describe your beauty!!',67,22,'2022-04-25 13:55:01'),(138,'Your eyes sparkle like something I\'ve never seen before.',27,8,'2022-04-25 13:55:01'),(139,'Handsome hunk',35,15,'2022-04-25 13:55:01'),(140,'That beard tho (if you go in for details)',86,50,'2022-04-25 13:55:01'),(141,'That\'s dope',69,39,'2022-04-25 13:55:01'),(142,'Nailed it',62,48,'2022-04-25 13:55:01'),(143,'My squad',69,19,'2022-04-25 13:55:01'),(144,'High af',67,11,'2022-04-25 13:55:01'),(145,'Awesome',4,40,'2022-04-25 13:55:01'),(146,'Bromantic',42,11,'2022-04-25 13:55:01'),(147,'Hero',33,15,'2022-04-25 13:55:01'),(148,'This boy is mine',94,18,'2022-04-25 13:55:01'),(149,'My man',93,36,'2022-04-25 13:55:01'),(150,'I own this male',49,8,'2022-04-25 13:55:01'),(151,'He + me = forever',7,18,'2022-04-25 13:55:01'),(152,'You mean the world to me',85,42,'2022-04-25 13:55:01'),(153,'Cant get my eyes off',16,26,'2022-04-25 13:55:01'),(154,'In nature, light creates the color. In the picture, color creates the light.',44,41,'2022-04-25 13:55:01'),(155,'NICE GREAT',60,47,'2022-04-25 13:55:01'),(156,'The beauty has no boundaries in this picture.',43,9,'2022-04-25 13:55:01'),(157,'SUPER ',23,31,'2022-04-25 13:55:01'),(158,'Your beauty is irresistible.',71,43,'2022-04-25 13:55:01'),(159,'ADORABLE CHILL LIFE',83,30,'2022-04-25 13:55:01'),(160,'Such a charming picture.',11,40,'2022-04-25 13:55:01'),(161,'CHAL BE HERO',96,39,'2022-04-25 13:55:01'),(162,'Elegant picture.',30,42,'2022-04-25 13:55:01'),(163,'NICE PLACE AND WATVH',41,47,'2022-04-25 13:55:01'),(164,'My words are less to describe this picture.',49,32,'2022-04-25 13:55:01'),(165,'FDSAFDS',22,1,'2022-04-25 13:55:01'),(166,'Beauty lies within for those who choose to see.',33,48,'2022-04-25 13:55:01'),(167,'BASDHIYAYY',3,18,'2022-04-25 13:55:01'),(168,'The power of beauty lies within the soul.',29,6,'2022-04-25 13:55:01'),(169,'KICKASS LOKK!!!!!!!!!!!!!!!!!!!!!!!!!!!!!!!!!!!!!!!!!!!!!!!!!!!!!!!',15,23,'2022-04-25 13:55:01'),(170,'This picture is worth a thousand words.',41,47,'2022-04-25 13:55:01'),(171,'GREAT TO SEE U ALIVE ',8,33,'2022-04-25 13:55:01'),(172,'Beauty is power; a smile is its sword.',1,24,'2022-04-25 13:55:01'),(173,'MSRJAA AJJJRJKLFDSA',68,41,'2022-04-25 13:55:01'),(174,'This place looks exotic.',2,46,'2022-04-25 13:55:01'),(175,'DUBAI IS SLIVWE',61,36,'2022-04-25 13:55:01'),(176,'I love how vibrant colors are in the picture.',10,18,'2022-04-25 13:55:01'),(177,'GOOOD DATYYYYYYYYYYYYYYYYYYYYYYYYYYYYY',38,20,'2022-04-25 13:55:01'),(178,'Such a scenic view ,looks great.',64,49,'2022-04-25 13:55:01'),(179,'WONDERFUL IMORESSIVE',69,16,'2022-04-25 13:55:01'),(180,'Impressive picture.',4,28,'2022-04-25 13:55:01'),(181,'AAGT LGADI BHAI MAJA AA GYA ',78,39,'2022-04-25 13:55:01'),(182,'Adorable picture and Your smile makes me Happy.',42,30,'2022-04-25 13:55:01'),(183,'such a nice cute humbke kind gentke face',1,1,'2022-04-25 13:55:01'),(184,'Looking Gorgeous and This picture made my day. ',61,1,'2022-04-25 13:55:01'),(185,'Never seen a selfie of yours that I don\'t like. ',29,48,'2022-04-25 13:55:01'),(186,'You are the coolest. ',97,27,'2022-04-25 13:55:01'),(187,'You are the coolest. ',69,19,'2022-04-25 13:55:01'),(188,'You are the coolest. ',25,15,'2022-04-25 13:55:01'),(189,'You are the coolest. ',66,23,'2022-04-25 13:55:01'),(190,'Friends forever. ',6,5,'2022-04-25 13:55:01'),(191,'They say love is beautiful, but I say friendship is better. ',13,9,'2022-04-25 13:55:01'),(192,'AAGT LGADI BHAI MAJA AA GYA  ',26,32,'2022-04-25 13:55:01'),(193,'Impressive picture. ',72,39,'2022-04-25 13:55:01'),(194,'MSRJAA AJJJRJKLFDSA ',23,31,'2022-04-25 13:55:01'),(195,'COOL PIC ',58,4,'2022-04-25 13:55:01'),(196,'You are the coolest. ',68,34,'2022-04-25 13:55:01'),(197,'xing of public record ',93,48,'2022-04-25 13:55:01'),(198,'GREAT JOB ',10,6,'2022-04-25 13:55:01'),(199,'GOOOD DAY !!!!!!!!!!!!!!!!!!!! ',98,46,'2022-04-25 13:55:01'),(200,'ok',1,1,'2022-05-10 05:31:17'),(201,'ok',1,1,'2022-05-10 05:31:35'),(202,'lalal',1,1,'2022-05-10 05:32:31'),(203,'Yes sir',1,1,'2022-05-10 05:33:16'),(204,'Success',1,1,'2022-05-10 05:35:09'),(205,'o',33,1,'2022-05-10 05:36:47'),(206,'alo',33,1,'2022-05-10 05:39:14'),(207,'ok',1,1,'2022-05-10 05:40:04'),(208,'f',1,1,'2022-05-10 05:40:27'),(209,'la',1,1,'2022-05-10 05:43:08'),(210,'ok',1,1,'2022-05-10 05:46:34'),(211,'lee',1,1,'2022-05-10 06:00:30'),(212,'Alo',1,1,'2022-05-11 00:53:01'),(213,'Ok',1,1,'2022-05-11 10:07:55'),(214,'hello\r\n',1,2,'2022-05-13 07:56:34'),(215,'ok',1,1,'2022-05-13 16:08:56'),(216,'ok',1,1,'2022-05-14 05:54:02'),(217,'Hello',111,2,'2022-05-14 07:10:17'),(218,'hi',111,2,'2022-05-14 07:14:44'),(219,'hello',111,1,'2022-05-14 07:25:20'),(220,'hi',111,2,'2022-05-14 07:25:38'),(221,'hello',113,1,'2022-05-14 07:35:53'),(222,'hi',113,2,'2022-05-14 07:36:23'),(223,'ok',115,2,'2022-05-14 07:38:31');
/*!40000 ALTER TABLE `comments` ENABLE KEYS */;
UNLOCK TABLES;

--
-- Table structure for table `contacts`
--

DROP TABLE IF EXISTS `contacts`;
/*!40101 SET @saved_cs_client     = @@character_set_client */;
/*!50503 SET character_set_client = utf8mb4 */;
CREATE TABLE `contacts` (
  `user1` int NOT NULL,
  `user2` int NOT NULL,
  PRIMARY KEY (`user1`,`user2`),
  KEY `user2` (`user2`),
  CONSTRAINT `contacts_ibfk_1` FOREIGN KEY (`user1`) REFERENCES `users` (`user_id`),
  CONSTRAINT `contacts_ibfk_2` FOREIGN KEY (`user2`) REFERENCES `users` (`user_id`)
) ENGINE=InnoDB DEFAULT CHARSET=utf8mb4 COLLATE=utf8mb4_0900_ai_ci;
/*!40101 SET character_set_client = @saved_cs_client */;

--
-- Dumping data for table `contacts`
--

LOCK TABLES `contacts` WRITE;
/*!40000 ALTER TABLE `contacts` DISABLE KEYS */;
INSERT INTO `contacts` VALUES (1,2),(1,3),(2,3),(1,4),(2,4),(1,5),(1,7),(1,8);
/*!40000 ALTER TABLE `contacts` ENABLE KEYS */;
UNLOCK TABLES;

--
-- Table structure for table `follows`
--

DROP TABLE IF EXISTS `follows`;
/*!40101 SET @saved_cs_client     = @@character_set_client */;
/*!50503 SET character_set_client = utf8mb4 */;
CREATE TABLE `follows` (
  `follower_id` int NOT NULL,
  `followee_id` int NOT NULL,
  `created_at` timestamp NULL DEFAULT CURRENT_TIMESTAMP,
  PRIMARY KEY (`follower_id`,`followee_id`),
  KEY `followee_id` (`followee_id`),
  CONSTRAINT `follows_ibfk_1` FOREIGN KEY (`follower_id`) REFERENCES `users` (`user_id`),
  CONSTRAINT `follows_ibfk_2` FOREIGN KEY (`followee_id`) REFERENCES `users` (`user_id`)
) ENGINE=InnoDB DEFAULT CHARSET=utf8mb4 COLLATE=utf8mb4_0900_ai_ci;
/*!40101 SET character_set_client = @saved_cs_client */;

--
-- Dumping data for table `follows`
--

LOCK TABLES `follows` WRITE;
/*!40000 ALTER TABLE `follows` DISABLE KEYS */;
INSERT INTO `follows` VALUES (1,1,'2022-04-25 13:54:51'),(1,2,'2022-04-25 13:54:49'),(1,3,'2022-04-25 13:54:51'),(1,4,'2022-04-25 13:54:53'),(1,5,'2022-04-25 13:54:51'),(1,6,'2022-04-25 13:54:50'),(1,7,'2022-04-25 13:54:52'),(1,10,'2022-04-25 13:54:54'),(1,11,'2022-04-25 13:54:52'),(1,12,'2022-04-25 13:54:52'),(1,13,'2022-04-25 13:54:51'),(1,14,'2022-04-25 13:54:50'),(1,15,'2022-04-25 13:54:50'),(1,16,'2022-04-25 13:54:53'),(1,18,'2022-04-25 13:54:53'),(1,20,'2022-04-25 13:54:51'),(1,21,'2022-04-25 13:54:50'),(1,25,'2022-04-25 13:54:50'),(1,26,'2022-04-25 13:54:51'),(1,27,'2022-04-25 13:54:51'),(1,29,'2022-04-25 13:54:51'),(1,30,'2022-04-25 13:54:51'),(1,33,'2022-04-25 13:54:51'),(1,34,'2022-04-25 13:54:54'),(1,36,'2022-04-25 13:54:52'),(1,37,'2022-04-25 13:54:49'),(1,38,'2022-04-25 13:54:51'),(1,40,'2022-04-25 13:54:52'),(1,41,'2022-04-25 13:54:49'),(1,42,'2022-04-25 13:54:53'),(1,43,'2022-04-25 13:54:51'),(1,45,'2022-04-25 13:54:50'),(1,47,'2022-04-25 13:54:54'),(1,48,'2022-04-25 13:54:51'),(1,49,'2022-04-25 13:54:54'),(1,50,'2022-04-25 13:54:54'),(2,1,'2022-04-25 13:54:54'),(2,2,'2022-04-25 13:54:54'),(2,3,'2022-04-25 13:54:51'),(2,4,'2022-04-25 13:54:52'),(2,5,'2022-04-25 13:54:54'),(2,6,'2022-04-25 13:54:50'),(2,7,'2022-04-25 13:54:53'),(2,8,'2022-04-25 13:54:49'),(2,9,'2022-04-25 13:54:50'),(2,10,'2022-04-25 13:54:51'),(2,11,'2022-04-25 13:54:52'),(2,12,'2022-04-25 13:54:54'),(2,13,'2022-04-25 13:54:52'),(2,14,'2022-04-25 13:54:52'),(2,17,'2022-04-25 13:54:54'),(2,18,'2022-04-25 13:54:51'),(2,19,'2022-04-25 13:54:53'),(2,20,'2022-04-25 13:54:52'),(2,21,'2022-04-25 13:54:52'),(2,24,'2022-04-25 13:54:50'),(2,25,'2022-04-25 13:54:52'),(2,26,'2022-04-25 13:54:50'),(2,27,'2022-04-25 13:54:51'),(2,28,'2022-04-25 13:54:49'),(2,29,'2022-04-25 13:54:50'),(2,30,'2022-04-25 13:54:50'),(2,31,'2022-04-25 13:54:52'),(2,32,'2022-04-25 13:54:54'),(2,33,'2022-04-25 13:54:51'),(2,34,'2022-04-25 13:54:51'),(2,35,'2022-04-25 13:54:54'),(2,36,'2022-04-25 13:54:51'),(2,37,'2022-04-25 13:54:52'),(2,38,'2022-04-25 13:54:54'),(2,39,'2022-04-25 13:54:51'),(2,40,'2022-04-25 13:54:51'),(2,41,'2022-04-25 13:54:54'),(2,42,'2022-04-25 13:54:51'),(2,43,'2022-04-25 13:54:52'),(2,45,'2022-04-25 13:54:53'),(2,46,'2022-04-25 13:54:51'),(2,47,'2022-04-25 13:54:54'),(2,48,'2022-04-25 13:54:52'),(2,50,'2022-04-25 13:54:50'),(3,2,'2022-04-25 13:54:52'),(3,4,'2022-04-25 13:54:53'),(3,5,'2022-04-25 13:54:51'),(3,7,'2022-04-25 13:54:53'),(3,10,'2022-04-25 13:54:52'),(3,11,'2022-04-25 13:54:52'),(3,12,'2022-04-25 13:54:52'),(3,13,'2022-04-25 13:54:50'),(3,14,'2022-04-25 13:54:52'),(3,15,'2022-04-25 13:54:50'),(3,17,'2022-04-25 13:54:53'),(3,19,'2022-04-25 13:54:52'),(3,20,'2022-04-25 13:54:54'),(3,21,'2022-04-25 13:54:52'),(3,22,'2022-04-25 13:54:52'),(3,24,'2022-04-25 13:54:54'),(3,25,'2022-04-25 13:54:53'),(3,27,'2022-04-25 13:54:50'),(3,28,'2022-04-25 13:54:52'),(3,29,'2022-04-25 13:54:53'),(3,30,'2022-04-25 13:54:50'),(3,31,'2022-04-25 13:54:51'),(3,32,'2022-04-25 13:54:51'),(3,34,'2022-04-25 13:54:53'),(3,35,'2022-04-25 13:54:51'),(3,36,'2022-04-25 13:54:52'),(3,38,'2022-04-25 13:54:53'),(3,40,'2022-04-25 13:54:49'),(3,41,'2022-04-25 13:54:53'),(3,43,'2022-04-25 13:54:50'),(3,44,'2022-04-25 13:54:51'),(3,45,'2022-04-25 13:54:51'),(3,46,'2022-04-25 13:54:51'),(3,47,'2022-04-25 13:54:54'),(3,48,'2022-04-25 13:54:54'),(3,49,'2022-04-25 13:54:54'),(4,2,'2022-04-25 13:54:50'),(4,3,'2022-04-25 13:54:52'),(4,4,'2022-04-25 13:54:52'),(4,5,'2022-04-25 13:54:50'),(4,7,'2022-04-25 13:54:53'),(4,8,'2022-04-25 13:54:50'),(4,9,'2022-04-25 13:54:54'),(4,10,'2022-04-25 13:54:51'),(4,11,'2022-04-25 13:54:52'),(4,12,'2022-04-25 13:54:54'),(4,14,'2022-04-25 13:54:53'),(4,15,'2022-04-25 13:54:53'),(4,16,'2022-04-25 13:54:51'),(4,17,'2022-04-25 13:54:50'),(4,19,'2022-04-25 13:54:52'),(4,20,'2022-04-25 13:54:50'),(4,21,'2022-04-25 13:54:51'),(4,22,'2022-04-25 13:54:53'),(4,24,'2022-04-25 13:54:50'),(4,26,'2022-04-25 13:54:53'),(4,28,'2022-04-25 13:54:53'),(4,29,'2022-04-25 13:54:50'),(4,30,'2022-04-25 13:54:54'),(4,32,'2022-04-25 13:54:52'),(4,33,'2022-04-25 13:54:52'),(4,37,'2022-04-25 13:54:53'),(4,38,'2022-04-25 13:54:51'),(4,41,'2022-04-25 13:54:52'),(4,44,'2022-04-25 13:54:50'),(4,45,'2022-04-25 13:54:54'),(4,47,'2022-04-25 13:54:51'),(4,48,'2022-04-25 13:54:50'),(4,49,'2022-04-25 13:54:52'),(4,50,'2022-04-25 13:54:53'),(5,1,'2022-04-25 13:54:53'),(5,2,'2022-04-25 13:54:54'),(5,3,'2022-04-25 13:54:52'),(5,5,'2022-04-25 13:54:52'),(5,7,'2022-04-25 13:54:52'),(5,8,'2022-04-25 13:54:50'),(5,9,'2022-04-25 13:54:52'),(5,11,'2022-04-25 13:54:50'),(5,12,'2022-04-25 13:54:53'),(5,13,'2022-04-25 13:54:53'),(5,14,'2022-04-25 13:54:52'),(5,15,'2022-04-25 13:54:52'),(5,17,'2022-04-25 13:54:52'),(5,18,'2022-04-25 13:54:50'),(5,19,'2022-04-25 13:54:52'),(5,20,'2022-04-25 13:54:52'),(5,23,'2022-04-25 13:54:50'),(5,24,'2022-04-25 13:54:52'),(5,27,'2022-04-25 13:54:53'),(5,28,'2022-04-25 13:54:50'),(5,29,'2022-04-25 13:54:50'),(5,31,'2022-04-25 13:54:52'),(5,33,'2022-04-25 13:54:52'),(5,34,'2022-04-25 13:54:52'),(5,35,'2022-04-25 13:54:51'),(5,37,'2022-04-25 13:54:54'),(5,39,'2022-04-25 13:54:52'),(5,40,'2022-04-25 13:54:54'),(5,42,'2022-04-25 13:54:53'),(5,43,'2022-04-25 13:54:50'),(5,44,'2022-04-25 13:54:52'),(5,45,'2022-04-25 13:54:53'),(5,47,'2022-04-25 13:54:54'),(5,48,'2022-04-25 13:54:54'),(5,49,'2022-04-25 13:54:51'),(6,1,'2022-04-25 13:54:51'),(6,3,'2022-04-25 13:54:54'),(6,5,'2022-04-25 13:54:50'),(6,6,'2022-04-25 13:54:52'),(6,7,'2022-04-25 13:54:51'),(6,8,'2022-04-25 13:54:52'),(6,9,'2022-04-25 13:54:53'),(6,12,'2022-04-25 13:54:51'),(6,13,'2022-04-25 13:54:54'),(6,14,'2022-04-25 13:54:54'),(6,15,'2022-04-25 13:54:53'),(6,16,'2022-04-25 13:54:53'),(6,17,'2022-04-25 13:54:54'),(6,18,'2022-04-25 13:54:53'),(6,19,'2022-04-25 13:54:54'),(6,20,'2022-04-25 13:54:50'),(6,21,'2022-04-25 13:54:53'),(6,22,'2022-04-25 13:54:51'),(6,26,'2022-04-25 13:54:54'),(6,27,'2022-04-25 13:54:49'),(6,28,'2022-04-25 13:54:49'),(6,29,'2022-04-25 13:54:54'),(6,30,'2022-04-25 13:54:51'),(6,31,'2022-04-25 13:54:54'),(6,32,'2022-04-25 13:54:51'),(6,34,'2022-04-25 13:54:51'),(6,36,'2022-04-25 13:54:54'),(6,37,'2022-04-25 13:54:51'),(6,38,'2022-04-25 13:54:50'),(6,40,'2022-04-25 13:54:49'),(6,42,'2022-04-25 13:54:53'),(6,44,'2022-04-25 13:54:52'),(6,46,'2022-04-25 13:54:53'),(6,47,'2022-04-25 13:54:50'),(6,48,'2022-04-25 13:54:53'),(6,49,'2022-04-25 13:54:51'),(6,50,'2022-04-25 13:54:52'),(7,1,'2022-04-25 13:54:51'),(7,2,'2022-04-25 13:54:51'),(7,3,'2022-04-25 13:54:51'),(7,4,'2022-04-25 13:54:52'),(7,6,'2022-04-25 13:54:51'),(7,8,'2022-04-25 13:54:50'),(7,9,'2022-04-25 13:54:54'),(7,11,'2022-04-25 13:54:51'),(7,13,'2022-04-25 13:54:52'),(7,14,'2022-04-25 13:54:54'),(7,15,'2022-04-25 13:54:51'),(7,16,'2022-04-25 13:54:54'),(7,17,'2022-04-25 13:54:49'),(7,18,'2022-04-25 13:54:50'),(7,19,'2022-04-25 13:54:51'),(7,20,'2022-04-25 13:54:53'),(7,21,'2022-04-25 13:54:50'),(7,22,'2022-04-25 13:54:49'),(7,23,'2022-04-25 13:54:54'),(7,24,'2022-04-25 13:54:49'),(7,25,'2022-04-25 13:54:52'),(7,26,'2022-04-25 13:54:54'),(7,27,'2022-04-25 13:54:53'),(7,28,'2022-04-25 13:54:50'),(7,29,'2022-04-25 13:54:53'),(7,30,'2022-04-25 13:54:51'),(7,31,'2022-04-25 13:54:51'),(7,32,'2022-04-25 13:54:54'),(7,33,'2022-04-25 13:54:51'),(7,34,'2022-04-25 13:54:52'),(7,35,'2022-04-25 13:54:50'),(7,36,'2022-04-25 13:54:54'),(7,37,'2022-04-25 13:54:51'),(7,38,'2022-04-25 13:54:52'),(7,39,'2022-04-25 13:54:51'),(7,41,'2022-04-25 13:54:51'),(7,42,'2022-04-25 13:54:51'),(7,43,'2022-04-25 13:54:49'),(7,44,'2022-04-25 13:54:52'),(7,45,'2022-04-25 13:54:50'),(7,46,'2022-04-25 13:54:54'),(7,48,'2022-04-25 13:54:49'),(7,50,'2022-04-25 13:54:50'),(8,1,'2022-04-25 13:54:51'),(8,2,'2022-04-25 13:54:54'),(8,3,'2022-04-25 13:54:54'),(8,4,'2022-04-25 13:54:53'),(8,5,'2022-04-25 13:54:53'),(8,6,'2022-04-25 13:54:54'),(8,8,'2022-04-25 13:54:54'),(8,9,'2022-04-25 13:54:53'),(8,10,'2022-04-25 13:54:50'),(8,11,'2022-04-25 13:54:50'),(8,12,'2022-04-25 13:54:53'),(8,13,'2022-04-25 13:54:50'),(8,14,'2022-04-25 13:54:52'),(8,15,'2022-04-25 13:54:51'),(8,17,'2022-04-25 13:54:49'),(8,18,'2022-04-25 13:54:51'),(8,21,'2022-04-25 13:54:53'),(8,22,'2022-04-25 13:54:51'),(8,23,'2022-04-25 13:54:49'),(8,25,'2022-04-25 13:54:52'),(8,26,'2022-04-25 13:54:49'),(8,27,'2022-04-25 13:54:54'),(8,29,'2022-04-25 13:54:50'),(8,30,'2022-04-25 13:54:49'),(8,31,'2022-04-25 13:54:54'),(8,32,'2022-04-25 13:54:49'),(8,33,'2022-04-25 13:54:53'),(8,34,'2022-04-25 13:54:51'),(8,36,'2022-04-25 13:54:54'),(8,39,'2022-04-25 13:54:51'),(8,40,'2022-04-25 13:54:54'),(8,41,'2022-04-25 13:54:52'),(8,42,'2022-04-25 13:54:49'),(8,44,'2022-04-25 13:54:53'),(8,45,'2022-04-25 13:54:53'),(8,49,'2022-04-25 13:54:49'),(9,2,'2022-04-25 13:54:53'),(9,3,'2022-04-25 13:54:51'),(9,5,'2022-04-25 13:54:52'),(9,6,'2022-04-25 13:54:51'),(9,8,'2022-04-25 13:54:54'),(9,9,'2022-04-25 13:54:54'),(9,10,'2022-04-25 13:54:53'),(9,11,'2022-04-25 13:54:54'),(9,13,'2022-04-25 13:54:52'),(9,14,'2022-04-25 13:54:50'),(9,16,'2022-04-25 13:54:50'),(9,17,'2022-04-25 13:54:50'),(9,18,'2022-04-25 13:54:52'),(9,19,'2022-04-25 13:54:50'),(9,20,'2022-04-25 13:54:50'),(9,21,'2022-04-25 13:54:50'),(9,22,'2022-04-25 13:54:53'),(9,24,'2022-04-25 13:54:52'),(9,25,'2022-04-25 13:54:54'),(9,26,'2022-04-25 13:54:51'),(9,27,'2022-04-25 13:54:53'),(9,28,'2022-04-25 13:54:54'),(9,29,'2022-04-25 13:54:51'),(9,33,'2022-04-25 13:54:51'),(9,35,'2022-04-25 13:54:51'),(9,36,'2022-04-25 13:54:51'),(9,37,'2022-04-25 13:54:50'),(9,38,'2022-04-25 13:54:50'),(9,39,'2022-04-25 13:54:54'),(9,40,'2022-04-25 13:54:51'),(9,41,'2022-04-25 13:54:51'),(9,42,'2022-04-25 13:54:52'),(9,43,'2022-04-25 13:54:54'),(9,44,'2022-04-25 13:54:53'),(9,45,'2022-04-25 13:54:50'),(9,46,'2022-04-25 13:54:51'),(9,47,'2022-04-25 13:54:52'),(9,48,'2022-04-25 13:54:49'),(9,49,'2022-04-25 13:54:53'),(9,50,'2022-04-25 13:54:53'),(10,1,'2022-04-25 13:54:52'),(10,4,'2022-04-25 13:54:50'),(10,5,'2022-04-25 13:54:52'),(10,6,'2022-04-25 13:54:51'),(10,7,'2022-04-25 13:54:52'),(10,9,'2022-04-25 13:54:54'),(10,12,'2022-04-25 13:54:51'),(10,13,'2022-04-25 13:54:54'),(10,14,'2022-04-25 13:54:51'),(10,16,'2022-04-25 13:54:50'),(10,18,'2022-04-25 13:54:51'),(10,19,'2022-04-25 13:54:50'),(10,20,'2022-04-25 13:54:50'),(10,21,'2022-04-25 13:54:54'),(10,22,'2022-04-25 13:54:54'),(10,23,'2022-04-25 13:54:54'),(10,25,'2022-04-25 13:54:49'),(10,26,'2022-04-25 13:54:53'),(10,27,'2022-04-25 13:54:52'),(10,28,'2022-04-25 13:54:51'),(10,29,'2022-04-25 13:54:51'),(10,31,'2022-04-25 13:54:50'),(10,32,'2022-04-25 13:54:53'),(10,33,'2022-04-25 13:54:54'),(10,35,'2022-04-25 13:54:51'),(10,36,'2022-04-25 13:54:51'),(10,37,'2022-04-25 13:54:52'),(10,38,'2022-04-25 13:54:49'),(10,40,'2022-04-25 13:54:53'),(10,41,'2022-04-25 13:54:53'),(10,42,'2022-04-25 13:54:50'),(10,43,'2022-04-25 13:54:54'),(10,44,'2022-04-25 13:54:54'),(10,45,'2022-04-25 13:54:52'),(10,46,'2022-04-25 13:54:50'),(10,47,'2022-04-25 13:54:54'),(10,50,'2022-04-25 13:54:49'),(11,2,'2022-04-25 13:54:54'),(11,3,'2022-04-25 13:54:49'),(11,4,'2022-04-25 13:54:54'),(11,5,'2022-04-25 13:54:53'),(11,8,'2022-04-25 13:54:53'),(11,9,'2022-04-25 13:54:54'),(11,14,'2022-04-25 13:54:54'),(11,15,'2022-04-25 13:54:53'),(11,16,'2022-04-25 13:54:51'),(11,17,'2022-04-25 13:54:50'),(11,18,'2022-04-25 13:54:50'),(11,21,'2022-04-25 13:54:50'),(11,22,'2022-04-25 13:54:49'),(11,23,'2022-04-25 13:54:50'),(11,24,'2022-04-25 13:54:50'),(11,26,'2022-04-25 13:54:54'),(11,28,'2022-04-25 13:54:53'),(11,29,'2022-04-25 13:54:51'),(11,30,'2022-04-25 13:54:50'),(11,31,'2022-04-25 13:54:54'),(11,32,'2022-04-25 13:54:50'),(11,33,'2022-04-25 13:54:53'),(11,34,'2022-04-25 13:54:54'),(11,35,'2022-04-25 13:54:53'),(11,36,'2022-04-25 13:54:51'),(11,38,'2022-04-25 13:54:53'),(11,39,'2022-04-25 13:54:49'),(11,40,'2022-04-25 13:54:49'),(11,41,'2022-04-25 13:54:54'),(11,42,'2022-04-25 13:54:49'),(11,43,'2022-04-25 13:54:51'),(11,44,'2022-04-25 13:54:53'),(11,45,'2022-04-25 13:54:54'),(11,46,'2022-04-25 13:54:52'),(11,47,'2022-04-25 13:54:53'),(11,48,'2022-04-25 13:54:50'),(11,49,'2022-04-25 13:54:53'),(11,50,'2022-04-25 13:54:53'),(12,1,'2022-04-25 13:54:53'),(12,2,'2022-04-25 13:54:51'),(12,3,'2022-04-25 13:54:54'),(12,4,'2022-04-25 13:54:54'),(12,5,'2022-04-25 13:54:53'),(12,6,'2022-04-25 13:54:52'),(12,7,'2022-04-25 13:54:50'),(12,8,'2022-04-25 13:54:51'),(12,9,'2022-04-25 13:54:50'),(12,10,'2022-04-25 13:54:51'),(12,11,'2022-04-25 13:54:51'),(12,12,'2022-04-25 13:54:50'),(12,13,'2022-04-25 13:54:51'),(12,14,'2022-04-25 13:54:51'),(12,16,'2022-04-25 13:54:51'),(12,17,'2022-04-25 13:54:53'),(12,18,'2022-04-25 13:54:53'),(12,19,'2022-04-25 13:54:53'),(12,22,'2022-04-25 13:54:53'),(12,24,'2022-04-25 13:54:51'),(12,26,'2022-04-25 13:54:52'),(12,28,'2022-04-25 13:54:53'),(12,29,'2022-04-25 13:54:54'),(12,32,'2022-04-25 13:54:52'),(12,33,'2022-04-25 13:54:51'),(12,34,'2022-04-25 13:54:51'),(12,37,'2022-04-25 13:54:52'),(12,38,'2022-04-25 13:54:49'),(12,40,'2022-04-25 13:54:52'),(12,41,'2022-04-25 13:54:54'),(12,42,'2022-04-25 13:54:53'),(12,43,'2022-04-25 13:54:53'),(12,45,'2022-04-25 13:54:51'),(12,46,'2022-04-25 13:54:50'),(12,47,'2022-04-25 13:54:54'),(12,48,'2022-04-25 13:54:51'),(12,49,'2022-04-25 13:54:53'),(12,50,'2022-04-25 13:54:54'),(13,1,'2022-04-25 13:54:53'),(13,4,'2022-04-25 13:54:51'),(13,5,'2022-04-25 13:54:52'),(13,6,'2022-04-25 13:54:54'),(13,7,'2022-04-25 13:54:52'),(13,8,'2022-04-25 13:54:51'),(13,9,'2022-04-25 13:54:54'),(13,10,'2022-04-25 13:54:53'),(13,12,'2022-04-25 13:54:52'),(13,14,'2022-04-25 13:54:50'),(13,15,'2022-04-25 13:54:49'),(13,18,'2022-04-25 13:54:54'),(13,19,'2022-04-25 13:54:54'),(13,20,'2022-04-25 13:54:51'),(13,22,'2022-04-25 13:54:54'),(13,25,'2022-04-25 13:54:52'),(13,27,'2022-04-25 13:54:50'),(13,28,'2022-04-25 13:54:49'),(13,30,'2022-04-25 13:54:50'),(13,31,'2022-04-25 13:54:53'),(13,32,'2022-04-25 13:54:52'),(13,33,'2022-04-25 13:54:54'),(13,35,'2022-04-25 13:54:52'),(13,37,'2022-04-25 13:54:52'),(13,38,'2022-04-25 13:54:52'),(13,39,'2022-04-25 13:54:54'),(13,41,'2022-04-25 13:54:50'),(13,44,'2022-04-25 13:54:52'),(13,45,'2022-04-25 13:54:52'),(13,46,'2022-04-25 13:54:50'),(13,47,'2022-04-25 13:54:52'),(13,48,'2022-04-25 13:54:50'),(13,49,'2022-04-25 13:54:49'),(13,50,'2022-04-25 13:54:49'),(14,2,'2022-04-25 13:54:53'),(14,3,'2022-04-25 13:54:53'),(14,5,'2022-04-25 13:54:54'),(14,6,'2022-04-25 13:54:53'),(14,7,'2022-04-25 13:54:54'),(14,9,'2022-04-25 13:54:51'),(14,11,'2022-04-25 13:54:51'),(14,12,'2022-04-25 13:54:49'),(14,15,'2022-04-25 13:54:54'),(14,16,'2022-04-25 13:54:54'),(14,17,'2022-04-25 13:54:52'),(14,18,'2022-04-25 13:54:51'),(14,19,'2022-04-25 13:54:53'),(14,20,'2022-04-25 13:54:52'),(14,21,'2022-04-25 13:54:54'),(14,22,'2022-04-25 13:54:49'),(14,25,'2022-04-25 13:54:51'),(14,28,'2022-04-25 13:54:51'),(14,29,'2022-04-25 13:54:52'),(14,30,'2022-04-25 13:54:51'),(14,32,'2022-04-25 13:54:51'),(14,33,'2022-04-25 13:54:53'),(14,34,'2022-04-25 13:54:50'),(14,36,'2022-04-25 13:54:51'),(14,38,'2022-04-25 13:54:54'),(14,39,'2022-04-25 13:54:53'),(14,40,'2022-04-25 13:54:54'),(14,41,'2022-04-25 13:54:53'),(14,43,'2022-04-25 13:54:50'),(14,45,'2022-04-25 13:54:50'),(14,46,'2022-04-25 13:54:51'),(14,47,'2022-04-25 13:54:53'),(14,48,'2022-04-25 13:54:53'),(14,49,'2022-04-25 13:54:49'),(14,50,'2022-04-25 13:54:49'),(15,1,'2022-04-25 13:54:52'),(15,2,'2022-04-25 13:54:54'),(15,3,'2022-04-25 13:54:50'),(15,4,'2022-04-25 13:54:50'),(15,5,'2022-04-25 13:54:50'),(15,6,'2022-04-25 13:54:52'),(15,7,'2022-04-25 13:54:51'),(15,8,'2022-04-25 13:54:50'),(15,10,'2022-04-25 13:54:53'),(15,11,'2022-04-25 13:54:51'),(15,12,'2022-04-25 13:54:52'),(15,15,'2022-04-25 13:54:54'),(15,16,'2022-04-25 13:54:51'),(15,17,'2022-04-25 13:54:51'),(15,20,'2022-04-25 13:54:49'),(15,21,'2022-04-25 13:54:49'),(15,22,'2022-04-25 13:54:50'),(15,23,'2022-04-25 13:54:52'),(15,24,'2022-04-25 13:54:51'),(15,25,'2022-04-25 13:54:51'),(15,27,'2022-04-25 13:54:52'),(15,29,'2022-04-25 13:54:52'),(15,34,'2022-04-25 13:54:50'),(15,35,'2022-04-25 13:54:53'),(15,36,'2022-04-25 13:54:50'),(15,37,'2022-04-25 13:54:49'),(15,38,'2022-04-25 13:54:50'),(15,39,'2022-04-25 13:54:51'),(15,40,'2022-04-25 13:54:52'),(15,42,'2022-04-25 13:54:52'),(15,43,'2022-04-25 13:54:51'),(15,45,'2022-04-25 13:54:53'),(15,46,'2022-04-25 13:54:54'),(15,47,'2022-04-25 13:54:49'),(15,48,'2022-04-25 13:54:53'),(15,49,'2022-04-25 13:54:51'),(15,50,'2022-04-25 13:54:52'),(16,1,'2022-04-25 13:54:49'),(16,2,'2022-04-25 13:54:50'),(16,3,'2022-04-25 13:54:51'),(16,5,'2022-04-25 13:54:53'),(16,6,'2022-04-25 13:54:51'),(16,9,'2022-04-25 13:54:51'),(16,10,'2022-04-25 13:54:52'),(16,11,'2022-04-25 13:54:50'),(16,12,'2022-04-25 13:54:50'),(16,14,'2022-04-25 13:54:50'),(16,15,'2022-04-25 13:54:52'),(16,16,'2022-04-25 13:54:54'),(16,17,'2022-04-25 13:54:54'),(16,18,'2022-04-25 13:54:50'),(16,19,'2022-04-25 13:54:54'),(16,20,'2022-04-25 13:54:51'),(16,21,'2022-04-25 13:54:53'),(16,22,'2022-04-25 13:54:54'),(16,24,'2022-04-25 13:54:54'),(16,25,'2022-04-25 13:54:53'),(16,26,'2022-04-25 13:54:54'),(16,29,'2022-04-25 13:54:51'),(16,30,'2022-04-25 13:54:52'),(16,31,'2022-04-25 13:54:49'),(16,32,'2022-04-25 13:54:50'),(16,33,'2022-04-25 13:54:49'),(16,34,'2022-04-25 13:54:53'),(16,36,'2022-04-25 13:54:51'),(16,37,'2022-04-25 13:54:51'),(16,38,'2022-04-25 13:54:52'),(16,39,'2022-04-25 13:54:52'),(16,43,'2022-04-25 13:54:52'),(16,44,'2022-04-25 13:54:54'),(16,46,'2022-04-25 13:54:53'),(16,47,'2022-04-25 13:54:49'),(16,48,'2022-04-25 13:54:50'),(16,49,'2022-04-25 13:54:53'),(16,50,'2022-04-25 13:54:51'),(17,2,'2022-04-25 13:54:51'),(17,3,'2022-04-25 13:54:54'),(17,4,'2022-04-25 13:54:51'),(17,6,'2022-04-25 13:54:52'),(17,7,'2022-04-25 13:54:52'),(17,8,'2022-04-25 13:54:50'),(17,9,'2022-04-25 13:54:52'),(17,10,'2022-04-25 13:54:52'),(17,12,'2022-04-25 13:54:52'),(17,13,'2022-04-25 13:54:51'),(17,15,'2022-04-25 13:54:53'),(17,16,'2022-04-25 13:54:51'),(17,18,'2022-04-25 13:54:53'),(17,19,'2022-04-25 13:54:51'),(17,22,'2022-04-25 13:54:54'),(17,23,'2022-04-25 13:54:54'),(17,24,'2022-04-25 13:54:52'),(17,26,'2022-04-25 13:54:53'),(17,27,'2022-04-25 13:54:53'),(17,31,'2022-04-25 13:54:51'),(17,32,'2022-04-25 13:54:51'),(17,33,'2022-04-25 13:54:52'),(17,35,'2022-04-25 13:54:49'),(17,36,'2022-04-25 13:54:51'),(17,37,'2022-04-25 13:54:50'),(17,39,'2022-04-25 13:54:51'),(17,40,'2022-04-25 13:54:53'),(17,41,'2022-04-25 13:54:52'),(17,42,'2022-04-25 13:54:54'),(17,44,'2022-04-25 13:54:52'),(17,45,'2022-04-25 13:54:54'),(17,47,'2022-04-25 13:54:52'),(17,48,'2022-04-25 13:54:50'),(17,49,'2022-04-25 13:54:53'),(18,1,'2022-04-25 13:54:50'),(18,3,'2022-04-25 13:54:52'),(18,4,'2022-04-25 13:54:53'),(18,7,'2022-04-25 13:54:54'),(18,8,'2022-04-25 13:54:50'),(18,9,'2022-04-25 13:54:53'),(18,10,'2022-04-25 13:54:54'),(18,12,'2022-04-25 13:54:52'),(18,13,'2022-04-25 13:54:53'),(18,14,'2022-04-25 13:54:52'),(18,15,'2022-04-25 13:54:53'),(18,16,'2022-04-25 13:54:54'),(18,17,'2022-04-25 13:54:52'),(18,18,'2022-04-25 13:54:49'),(18,19,'2022-04-25 13:54:50'),(18,20,'2022-04-25 13:54:50'),(18,21,'2022-04-25 13:54:49'),(18,22,'2022-04-25 13:54:54'),(18,24,'2022-04-25 13:54:53'),(18,26,'2022-04-25 13:54:53'),(18,27,'2022-04-25 13:54:52'),(18,28,'2022-04-25 13:54:51'),(18,29,'2022-04-25 13:54:52'),(18,31,'2022-04-25 13:54:51'),(18,32,'2022-04-25 13:54:51'),(18,33,'2022-04-25 13:54:51'),(18,36,'2022-04-25 13:54:53'),(18,37,'2022-04-25 13:54:53'),(18,39,'2022-04-25 13:54:54'),(18,41,'2022-04-25 13:54:51'),(18,42,'2022-04-25 13:54:49'),(18,43,'2022-04-25 13:54:50'),(18,44,'2022-04-25 13:54:51'),(18,46,'2022-04-25 13:54:53'),(18,47,'2022-04-25 13:54:51'),(18,49,'2022-04-25 13:54:52'),(18,50,'2022-04-25 13:54:49'),(19,1,'2022-04-25 13:54:52'),(19,2,'2022-04-25 13:54:53'),(19,3,'2022-04-25 13:54:53'),(19,4,'2022-04-25 13:54:50'),(19,5,'2022-04-25 13:54:53'),(19,6,'2022-04-25 13:54:50'),(19,7,'2022-04-25 13:54:54'),(19,8,'2022-04-25 13:54:50'),(19,11,'2022-04-25 13:54:52'),(19,12,'2022-04-25 13:54:54'),(19,13,'2022-04-25 13:54:50'),(19,14,'2022-04-25 13:54:53'),(19,15,'2022-04-25 13:54:51'),(19,16,'2022-04-25 13:54:53'),(19,18,'2022-04-25 13:54:52'),(19,19,'2022-04-25 13:54:52'),(19,20,'2022-04-25 13:54:49'),(19,21,'2022-04-25 13:54:50'),(19,23,'2022-04-25 13:54:50'),(19,25,'2022-04-25 13:54:52'),(19,26,'2022-04-25 13:54:50'),(19,28,'2022-04-25 13:54:51'),(19,29,'2022-04-25 13:54:54'),(19,30,'2022-04-25 13:54:49'),(19,33,'2022-04-25 13:54:51'),(19,34,'2022-04-25 13:54:51'),(19,38,'2022-04-25 13:54:49'),(19,39,'2022-04-25 13:54:52'),(19,40,'2022-04-25 13:54:52'),(19,41,'2022-04-25 13:54:53'),(19,42,'2022-04-25 13:54:53'),(19,43,'2022-04-25 13:54:50'),(19,44,'2022-04-25 13:54:52'),(19,45,'2022-04-25 13:54:51'),(19,46,'2022-04-25 13:54:54'),(19,47,'2022-04-25 13:54:50'),(19,50,'2022-04-25 13:54:51'),(20,1,'2022-04-25 13:54:53'),(20,3,'2022-04-25 13:54:50'),(20,4,'2022-04-25 13:54:49'),(20,8,'2022-04-25 13:54:50'),(20,9,'2022-04-25 13:54:54'),(20,10,'2022-04-25 13:54:51'),(20,11,'2022-04-25 13:54:54'),(20,12,'2022-04-25 13:54:49'),(20,13,'2022-04-25 13:54:54'),(20,14,'2022-04-25 13:54:51'),(20,15,'2022-04-25 13:54:53'),(20,16,'2022-04-25 13:54:50'),(20,18,'2022-04-25 13:54:52'),(20,19,'2022-04-25 13:54:53'),(20,20,'2022-04-25 13:54:51'),(20,21,'2022-04-25 13:54:52'),(20,22,'2022-04-25 13:54:52'),(20,23,'2022-04-25 13:54:50'),(20,24,'2022-04-25 13:54:50'),(20,26,'2022-04-25 13:54:54'),(20,27,'2022-04-25 13:54:50'),(20,28,'2022-04-25 13:54:54'),(20,30,'2022-04-25 13:54:49'),(20,31,'2022-04-25 13:54:53'),(20,32,'2022-04-25 13:54:49'),(20,33,'2022-04-25 13:54:50'),(20,35,'2022-04-25 13:54:53'),(20,36,'2022-04-25 13:54:52'),(20,37,'2022-04-25 13:54:50'),(20,38,'2022-04-25 13:54:50'),(20,39,'2022-04-25 13:54:52'),(20,40,'2022-04-25 13:54:52'),(20,41,'2022-04-25 13:54:50'),(20,42,'2022-04-25 13:54:50'),(20,43,'2022-04-25 13:54:50'),(20,44,'2022-04-25 13:54:50'),(20,45,'2022-04-25 13:54:52'),(20,46,'2022-04-25 13:54:53'),(20,48,'2022-04-25 13:54:50'),(20,49,'2022-04-25 13:54:49'),(20,50,'2022-04-25 13:54:53'),(21,1,'2022-04-25 13:54:52'),(21,2,'2022-04-25 13:54:53'),(21,3,'2022-04-25 13:54:50'),(21,4,'2022-04-25 13:54:53'),(21,5,'2022-04-25 13:54:54'),(21,7,'2022-04-25 13:54:50'),(21,8,'2022-04-25 13:54:50'),(21,9,'2022-04-25 13:54:49'),(21,10,'2022-04-25 13:54:50'),(21,11,'2022-04-25 13:54:52'),(21,12,'2022-04-25 13:54:52'),(21,14,'2022-04-25 13:54:52'),(21,15,'2022-04-25 13:54:50'),(21,16,'2022-04-25 13:54:51'),(21,18,'2022-04-25 13:54:50'),(21,19,'2022-04-25 13:54:50'),(21,20,'2022-04-25 13:54:51'),(21,23,'2022-04-25 13:54:53'),(21,24,'2022-04-25 13:54:51'),(21,27,'2022-04-25 13:54:50'),(21,28,'2022-04-25 13:54:51'),(21,29,'2022-04-25 13:54:53'),(21,30,'2022-04-25 13:54:51'),(21,34,'2022-04-25 13:54:53'),(21,35,'2022-04-25 13:54:49'),(21,36,'2022-04-25 13:54:52'),(21,38,'2022-04-25 13:54:53'),(21,39,'2022-04-25 13:54:49'),(21,41,'2022-04-25 13:54:54'),(21,42,'2022-04-25 13:54:52'),(21,47,'2022-04-25 13:54:53'),(21,48,'2022-04-25 13:54:51'),(21,49,'2022-04-25 13:54:54'),(21,50,'2022-04-25 13:54:54'),(22,1,'2022-04-25 13:54:52'),(22,2,'2022-04-25 13:54:51'),(22,3,'2022-04-25 13:54:52'),(22,4,'2022-04-25 13:54:53'),(22,5,'2022-04-25 13:54:50'),(22,7,'2022-04-25 13:54:49'),(22,8,'2022-04-25 13:54:51'),(22,10,'2022-04-25 13:54:50'),(22,12,'2022-04-25 13:54:52'),(22,13,'2022-04-25 13:54:49'),(22,17,'2022-04-25 13:54:51'),(22,18,'2022-04-25 13:54:51'),(22,20,'2022-04-25 13:54:51'),(22,21,'2022-04-25 13:54:49'),(22,22,'2022-04-25 13:54:53'),(22,24,'2022-04-25 13:54:52'),(22,25,'2022-04-25 13:54:52'),(22,26,'2022-04-25 13:54:53'),(22,27,'2022-04-25 13:54:51'),(22,28,'2022-04-25 13:54:53'),(22,29,'2022-04-25 13:54:52'),(22,30,'2022-04-25 13:54:53'),(22,31,'2022-04-25 13:54:49'),(22,32,'2022-04-25 13:54:50'),(22,33,'2022-04-25 13:54:53'),(22,34,'2022-04-25 13:54:50'),(22,35,'2022-04-25 13:54:52'),(22,36,'2022-04-25 13:54:54'),(22,37,'2022-04-25 13:54:52'),(22,38,'2022-04-25 13:54:53'),(22,39,'2022-04-25 13:54:51'),(22,40,'2022-04-25 13:54:54'),(22,41,'2022-04-25 13:54:49'),(22,43,'2022-04-25 13:54:50'),(22,44,'2022-04-25 13:54:49'),(22,45,'2022-04-25 13:54:52'),(22,46,'2022-04-25 13:54:52'),(22,47,'2022-04-25 13:54:52'),(22,48,'2022-04-25 13:54:52'),(22,49,'2022-04-25 13:54:50'),(23,2,'2022-04-25 13:54:52'),(23,3,'2022-04-25 13:54:52'),(23,4,'2022-04-25 13:54:54'),(23,5,'2022-04-25 13:54:53'),(23,6,'2022-04-25 13:54:54'),(23,7,'2022-04-25 13:54:49'),(23,8,'2022-04-25 13:54:52'),(23,9,'2022-04-25 13:54:52'),(23,11,'2022-04-25 13:54:49'),(23,12,'2022-04-25 13:54:52'),(23,14,'2022-04-25 13:54:52'),(23,15,'2022-04-25 13:54:53'),(23,16,'2022-04-25 13:54:50'),(23,17,'2022-04-25 13:54:52'),(23,18,'2022-04-25 13:54:51'),(23,19,'2022-04-25 13:54:54'),(23,20,'2022-04-25 13:54:52'),(23,21,'2022-04-25 13:54:54'),(23,22,'2022-04-25 13:54:51'),(23,23,'2022-04-25 13:54:54'),(23,24,'2022-04-25 13:54:53'),(23,25,'2022-04-25 13:54:54'),(23,26,'2022-04-25 13:54:51'),(23,27,'2022-04-25 13:54:54'),(23,29,'2022-04-25 13:54:54'),(23,32,'2022-04-25 13:54:53'),(23,33,'2022-04-25 13:54:52'),(23,34,'2022-04-25 13:54:51'),(23,35,'2022-04-25 13:54:50'),(23,36,'2022-04-25 13:54:54'),(23,37,'2022-04-25 13:54:52'),(23,39,'2022-04-25 13:54:51'),(23,43,'2022-04-25 13:54:51'),(23,44,'2022-04-25 13:54:49'),(23,45,'2022-04-25 13:54:50'),(23,46,'2022-04-25 13:54:51'),(23,47,'2022-04-25 13:54:51'),(23,48,'2022-04-25 13:54:54'),(23,49,'2022-04-25 13:54:54'),(23,50,'2022-04-25 13:54:49'),(24,1,'2022-04-25 13:54:53'),(24,2,'2022-04-25 13:54:49'),(24,5,'2022-04-25 13:54:51'),(24,6,'2022-04-25 13:54:54'),(24,7,'2022-04-25 13:54:51'),(24,8,'2022-04-25 13:54:50'),(24,9,'2022-04-25 13:54:51'),(24,10,'2022-04-25 13:54:50'),(24,11,'2022-04-25 13:54:52'),(24,12,'2022-04-25 13:54:51'),(24,13,'2022-04-25 13:54:50'),(24,14,'2022-04-25 13:54:53'),(24,15,'2022-04-25 13:54:52'),(24,16,'2022-04-25 13:54:50'),(24,17,'2022-04-25 13:54:54'),(24,19,'2022-04-25 13:54:52'),(24,20,'2022-04-25 13:54:50'),(24,21,'2022-04-25 13:54:52'),(24,22,'2022-04-25 13:54:54'),(24,23,'2022-04-25 13:54:54'),(24,24,'2022-04-25 13:54:54'),(24,25,'2022-04-25 13:54:52'),(24,26,'2022-04-25 13:54:50'),(24,27,'2022-04-25 13:54:51'),(24,28,'2022-04-25 13:54:51'),(24,29,'2022-04-25 13:54:51'),(24,30,'2022-04-25 13:54:51'),(24,31,'2022-04-25 13:54:52'),(24,32,'2022-04-25 13:54:53'),(24,33,'2022-04-25 13:54:54'),(24,35,'2022-04-25 13:54:50'),(24,38,'2022-04-25 13:54:51'),(24,40,'2022-04-25 13:54:49'),(24,41,'2022-04-25 13:54:51'),(24,42,'2022-04-25 13:54:52'),(24,43,'2022-04-25 13:54:54'),(24,44,'2022-04-25 13:54:54'),(24,45,'2022-04-25 13:54:53'),(24,46,'2022-04-25 13:54:52'),(24,47,'2022-04-25 13:54:53'),(24,49,'2022-04-25 13:54:54'),(25,1,'2022-04-25 13:54:50'),(25,2,'2022-04-25 13:54:52'),(25,3,'2022-04-25 13:54:51'),(25,5,'2022-04-25 13:54:51'),(25,6,'2022-04-25 13:54:53'),(25,8,'2022-04-25 13:54:54'),(25,9,'2022-04-25 13:54:49'),(25,10,'2022-04-25 13:54:50'),(25,13,'2022-04-25 13:54:53'),(25,14,'2022-04-25 13:54:54'),(25,15,'2022-04-25 13:54:53'),(25,16,'2022-04-25 13:54:49'),(25,17,'2022-04-25 13:54:49'),(25,20,'2022-04-25 13:54:54'),(25,21,'2022-04-25 13:54:50'),(25,24,'2022-04-25 13:54:53'),(25,25,'2022-04-25 13:54:52'),(25,27,'2022-04-25 13:54:49'),(25,30,'2022-04-25 13:54:54'),(25,31,'2022-04-25 13:54:54'),(25,32,'2022-04-25 13:54:52'),(25,33,'2022-04-25 13:54:50'),(25,34,'2022-04-25 13:54:50'),(25,36,'2022-04-25 13:54:51'),(25,38,'2022-04-25 13:54:54'),(25,39,'2022-04-25 13:54:52'),(25,40,'2022-04-25 13:54:53'),(25,42,'2022-04-25 13:54:52'),(25,44,'2022-04-25 13:54:51'),(25,45,'2022-04-25 13:54:54'),(25,47,'2022-04-25 13:54:51'),(25,50,'2022-04-25 13:54:53'),(26,1,'2022-04-25 13:54:51'),(26,2,'2022-04-25 13:54:53'),(26,3,'2022-04-25 13:54:52'),(26,4,'2022-04-25 13:54:50'),(26,6,'2022-04-25 13:54:52'),(26,7,'2022-04-25 13:54:54'),(26,8,'2022-04-25 13:54:53'),(26,9,'2022-04-25 13:54:52'),(26,10,'2022-04-25 13:54:54'),(26,12,'2022-04-25 13:54:53'),(26,13,'2022-04-25 13:54:51'),(26,14,'2022-04-25 13:54:49'),(26,15,'2022-04-25 13:54:51'),(26,16,'2022-04-25 13:54:51'),(26,17,'2022-04-25 13:54:53'),(26,18,'2022-04-25 13:54:50'),(26,20,'2022-04-25 13:54:50'),(26,21,'2022-04-25 13:54:53'),(26,23,'2022-04-25 13:54:50'),(26,24,'2022-04-25 13:54:53'),(26,27,'2022-04-25 13:54:53'),(26,30,'2022-04-25 13:54:50'),(26,33,'2022-04-25 13:54:52'),(26,34,'2022-04-25 13:54:52'),(26,35,'2022-04-25 13:54:49'),(26,36,'2022-04-25 13:54:53'),(26,37,'2022-04-25 13:54:52'),(26,38,'2022-04-25 13:54:52'),(26,42,'2022-04-25 13:54:52'),(26,43,'2022-04-25 13:54:49'),(26,44,'2022-04-25 13:54:49'),(26,45,'2022-04-25 13:54:50'),(26,46,'2022-04-25 13:54:51'),(26,49,'2022-04-25 13:54:53'),(26,50,'2022-04-25 13:54:53'),(27,1,'2022-04-25 13:54:50'),(27,2,'2022-04-25 13:54:52'),(27,4,'2022-04-25 13:54:50'),(27,5,'2022-04-25 13:54:49'),(27,6,'2022-04-25 13:54:52'),(27,7,'2022-04-25 13:54:53'),(27,9,'2022-04-25 13:54:53'),(27,11,'2022-04-25 13:54:49'),(27,12,'2022-04-25 13:54:54'),(27,13,'2022-04-25 13:54:49'),(27,14,'2022-04-25 13:54:52'),(27,15,'2022-04-25 13:54:53'),(27,16,'2022-04-25 13:54:50'),(27,19,'2022-04-25 13:54:51'),(27,20,'2022-04-25 13:54:53'),(27,21,'2022-04-25 13:54:50'),(27,22,'2022-04-25 13:54:52'),(27,24,'2022-04-25 13:54:53'),(27,25,'2022-04-25 13:54:49'),(27,26,'2022-04-25 13:54:52'),(27,27,'2022-04-25 13:54:53'),(27,28,'2022-04-25 13:54:49'),(27,29,'2022-04-25 13:54:53'),(27,31,'2022-04-25 13:54:51'),(27,32,'2022-04-25 13:54:52'),(27,33,'2022-04-25 13:54:52'),(27,35,'2022-04-25 13:54:50'),(27,36,'2022-04-25 13:54:54'),(27,37,'2022-04-25 13:54:50'),(27,38,'2022-04-25 13:54:53'),(27,40,'2022-04-25 13:54:53'),(27,41,'2022-04-25 13:54:54'),(27,42,'2022-04-25 13:54:52'),(27,43,'2022-04-25 13:54:54'),(27,44,'2022-04-25 13:54:52'),(27,45,'2022-04-25 13:54:51'),(27,46,'2022-04-25 13:54:49'),(27,47,'2022-04-25 13:54:51'),(27,48,'2022-04-25 13:54:53'),(27,49,'2022-04-25 13:54:51'),(27,50,'2022-04-25 13:54:53'),(28,1,'2022-04-25 13:54:53'),(28,2,'2022-04-25 13:54:50'),(28,3,'2022-04-25 13:54:53'),(28,5,'2022-04-25 13:54:52'),(28,6,'2022-04-25 13:54:53'),(28,7,'2022-04-25 13:54:54'),(28,8,'2022-04-25 13:54:53'),(28,10,'2022-04-25 13:54:52'),(28,11,'2022-04-25 13:54:52'),(28,12,'2022-04-25 13:54:54'),(28,13,'2022-04-25 13:54:53'),(28,14,'2022-04-25 13:54:52'),(28,16,'2022-04-25 13:54:51'),(28,19,'2022-04-25 13:54:54'),(28,20,'2022-04-25 13:54:53'),(28,21,'2022-04-25 13:54:50'),(28,22,'2022-04-25 13:54:52'),(28,24,'2022-04-25 13:54:52'),(28,25,'2022-04-25 13:54:54'),(28,27,'2022-04-25 13:54:50'),(28,28,'2022-04-25 13:54:54'),(28,29,'2022-04-25 13:54:54'),(28,30,'2022-04-25 13:54:51'),(28,31,'2022-04-25 13:54:53'),(28,32,'2022-04-25 13:54:50'),(28,33,'2022-04-25 13:54:52'),(28,34,'2022-04-25 13:54:52'),(28,35,'2022-04-25 13:54:50'),(28,36,'2022-04-25 13:54:53'),(28,37,'2022-04-25 13:54:53'),(28,38,'2022-04-25 13:54:51'),(28,39,'2022-04-25 13:54:50'),(28,40,'2022-04-25 13:54:52'),(28,41,'2022-04-25 13:54:52'),(28,42,'2022-04-25 13:54:51'),(28,43,'2022-04-25 13:54:50'),(28,46,'2022-04-25 13:54:51'),(28,47,'2022-04-25 13:54:54'),(28,49,'2022-04-25 13:54:49'),(28,50,'2022-04-25 13:54:53'),(29,1,'2022-04-25 13:54:53'),(29,2,'2022-04-25 13:54:51'),(29,4,'2022-04-25 13:54:53'),(29,9,'2022-04-25 13:54:51'),(29,10,'2022-04-25 13:54:51'),(29,11,'2022-04-25 13:54:54'),(29,13,'2022-04-25 13:54:53'),(29,14,'2022-04-25 13:54:51'),(29,15,'2022-04-25 13:54:53'),(29,17,'2022-04-25 13:54:52'),(29,19,'2022-04-25 13:54:49'),(29,20,'2022-04-25 13:54:50'),(29,21,'2022-04-25 13:54:53'),(29,22,'2022-04-25 13:54:54'),(29,23,'2022-04-25 13:54:52'),(29,24,'2022-04-25 13:54:52'),(29,25,'2022-04-25 13:54:54'),(29,26,'2022-04-25 13:54:53'),(29,27,'2022-04-25 13:54:53'),(29,28,'2022-04-25 13:54:51'),(29,30,'2022-04-25 13:54:53'),(29,31,'2022-04-25 13:54:52'),(29,32,'2022-04-25 13:54:54'),(29,33,'2022-04-25 13:54:53'),(29,34,'2022-04-25 13:54:52'),(29,37,'2022-04-25 13:54:54'),(29,38,'2022-04-25 13:54:49'),(29,40,'2022-04-25 13:54:52'),(29,41,'2022-04-25 13:54:54'),(29,43,'2022-04-25 13:54:50'),(29,44,'2022-04-25 13:54:51'),(29,45,'2022-04-25 13:54:53'),(29,46,'2022-04-25 13:54:51'),(29,48,'2022-04-25 13:54:51'),(29,49,'2022-04-25 13:54:52'),(29,50,'2022-04-25 13:54:49'),(30,1,'2022-04-25 13:54:49'),(30,2,'2022-04-25 13:54:54'),(30,4,'2022-04-25 13:54:54'),(30,5,'2022-04-25 13:54:53'),(30,6,'2022-04-25 13:54:50'),(30,7,'2022-04-25 13:54:51'),(30,8,'2022-04-25 13:54:54'),(30,12,'2022-04-25 13:54:54'),(30,15,'2022-04-25 13:54:49'),(30,16,'2022-04-25 13:54:52'),(30,17,'2022-04-25 13:54:49'),(30,18,'2022-04-25 13:54:49'),(30,19,'2022-04-25 13:54:54'),(30,21,'2022-04-25 13:54:54'),(30,22,'2022-04-25 13:54:50'),(30,23,'2022-04-25 13:54:51'),(30,24,'2022-04-25 13:54:52'),(30,25,'2022-04-25 13:54:54'),(30,26,'2022-04-25 13:54:54'),(30,27,'2022-04-25 13:54:53'),(30,28,'2022-04-25 13:54:50'),(30,29,'2022-04-25 13:54:52'),(30,30,'2022-04-25 13:54:51'),(30,31,'2022-04-25 13:54:51'),(30,32,'2022-04-25 13:54:53'),(30,34,'2022-04-25 13:54:52'),(30,35,'2022-04-25 13:54:52'),(30,37,'2022-04-25 13:54:51'),(30,39,'2022-04-25 13:54:53'),(30,40,'2022-04-25 13:54:50'),(30,41,'2022-04-25 13:54:52'),(30,43,'2022-04-25 13:54:51'),(30,44,'2022-04-25 13:54:49'),(30,45,'2022-04-25 13:54:50'),(30,46,'2022-04-25 13:54:51'),(30,47,'2022-04-25 13:54:52'),(30,48,'2022-04-25 13:54:52'),(30,50,'2022-04-25 13:54:53'),(31,1,'2022-04-25 13:54:54'),(31,3,'2022-04-25 13:54:53'),(31,4,'2022-04-25 13:54:52'),(31,5,'2022-04-25 13:54:50'),(31,6,'2022-04-25 13:54:53'),(31,7,'2022-04-25 13:54:50'),(31,9,'2022-04-25 13:54:51'),(31,10,'2022-04-25 13:54:53'),(31,11,'2022-04-25 13:54:52'),(31,12,'2022-04-25 13:54:50'),(31,13,'2022-04-25 13:54:53'),(31,14,'2022-04-25 13:54:53'),(31,15,'2022-04-25 13:54:50'),(31,16,'2022-04-25 13:54:49'),(31,17,'2022-04-25 13:54:52'),(31,18,'2022-04-25 13:54:52'),(31,19,'2022-04-25 13:54:54'),(31,20,'2022-04-25 13:54:53'),(31,21,'2022-04-25 13:54:54'),(31,22,'2022-04-25 13:54:52'),(31,23,'2022-04-25 13:54:51'),(31,25,'2022-04-25 13:54:51'),(31,27,'2022-04-25 13:54:50'),(31,28,'2022-04-25 13:54:52'),(31,29,'2022-04-25 13:54:53'),(31,30,'2022-04-25 13:54:50'),(31,31,'2022-04-25 13:54:49'),(31,33,'2022-04-25 13:54:50'),(31,35,'2022-04-25 13:54:51'),(31,36,'2022-04-25 13:54:51'),(31,40,'2022-04-25 13:54:52'),(31,41,'2022-04-25 13:54:54'),(31,43,'2022-04-25 13:54:53'),(31,44,'2022-04-25 13:54:50'),(31,45,'2022-04-25 13:54:51'),(31,46,'2022-04-25 13:54:49'),(31,48,'2022-04-25 13:54:51'),(31,49,'2022-04-25 13:54:53'),(31,50,'2022-04-25 13:54:50'),(32,1,'2022-04-25 13:54:50'),(32,3,'2022-04-25 13:54:51'),(32,4,'2022-04-25 13:54:53'),(32,5,'2022-04-25 13:54:53'),(32,6,'2022-04-25 13:54:51'),(32,11,'2022-04-25 13:54:51'),(32,12,'2022-04-25 13:54:49'),(32,13,'2022-04-25 13:54:52'),(32,14,'2022-04-25 13:54:52'),(32,15,'2022-04-25 13:54:51'),(32,16,'2022-04-25 13:54:51'),(32,17,'2022-04-25 13:54:49'),(32,18,'2022-04-25 13:54:50'),(32,20,'2022-04-25 13:54:51'),(32,22,'2022-04-25 13:54:54'),(32,23,'2022-04-25 13:54:53'),(32,24,'2022-04-25 13:54:49'),(32,25,'2022-04-25 13:54:54'),(32,27,'2022-04-25 13:54:50'),(32,28,'2022-04-25 13:54:54'),(32,29,'2022-04-25 13:54:52'),(32,30,'2022-04-25 13:54:50'),(32,31,'2022-04-25 13:54:53'),(32,32,'2022-04-25 13:54:52'),(32,33,'2022-04-25 13:54:53'),(32,35,'2022-04-25 13:54:54'),(32,36,'2022-04-25 13:54:51'),(32,37,'2022-04-25 13:54:54'),(32,38,'2022-04-25 13:54:52'),(32,39,'2022-04-25 13:54:54'),(32,41,'2022-04-25 13:54:53'),(32,42,'2022-04-25 13:54:53'),(32,44,'2022-04-25 13:54:52'),(32,45,'2022-04-25 13:54:50'),(32,48,'2022-04-25 13:54:52'),(32,49,'2022-04-25 13:54:50'),(32,50,'2022-04-25 13:54:54'),(33,2,'2022-04-25 13:54:53'),(33,3,'2022-04-25 13:54:49'),(33,5,'2022-04-25 13:54:49'),(33,7,'2022-04-25 13:54:50'),(33,8,'2022-04-25 13:54:53'),(33,9,'2022-04-25 13:54:50'),(33,10,'2022-04-25 13:54:52'),(33,11,'2022-04-25 13:54:51'),(33,12,'2022-04-25 13:54:50'),(33,14,'2022-04-25 13:54:52'),(33,15,'2022-04-25 13:54:52'),(33,16,'2022-04-25 13:54:52'),(33,18,'2022-04-25 13:54:54'),(33,19,'2022-04-25 13:54:53'),(33,20,'2022-04-25 13:54:54'),(33,21,'2022-04-25 13:54:50'),(33,22,'2022-04-25 13:54:50'),(33,23,'2022-04-25 13:54:49'),(33,24,'2022-04-25 13:54:53'),(33,25,'2022-04-25 13:54:51'),(33,28,'2022-04-25 13:54:53'),(33,29,'2022-04-25 13:54:54'),(33,31,'2022-04-25 13:54:51'),(33,32,'2022-04-25 13:54:54'),(33,33,'2022-04-25 13:54:51'),(33,34,'2022-04-25 13:54:50'),(33,37,'2022-04-25 13:54:52'),(33,38,'2022-04-25 13:54:49'),(33,39,'2022-04-25 13:54:50'),(33,41,'2022-04-25 13:54:52'),(33,43,'2022-04-25 13:54:53'),(33,45,'2022-04-25 13:54:52'),(33,46,'2022-04-25 13:54:54'),(33,47,'2022-04-25 13:54:52'),(33,49,'2022-04-25 13:54:49'),(34,1,'2022-04-25 13:54:50'),(34,2,'2022-04-25 13:54:52'),(34,4,'2022-04-25 13:54:54'),(34,6,'2022-04-25 13:54:51'),(34,8,'2022-04-25 13:54:52'),(34,9,'2022-04-25 13:54:53'),(34,10,'2022-04-25 13:54:52'),(34,11,'2022-04-25 13:54:53'),(34,13,'2022-04-25 13:54:54'),(34,14,'2022-04-25 13:54:52'),(34,15,'2022-04-25 13:54:50'),(34,17,'2022-04-25 13:54:50'),(34,18,'2022-04-25 13:54:50'),(34,19,'2022-04-25 13:54:52'),(34,20,'2022-04-25 13:54:54'),(34,21,'2022-04-25 13:54:51'),(34,22,'2022-04-25 13:54:53'),(34,23,'2022-04-25 13:54:53'),(34,24,'2022-04-25 13:54:51'),(34,25,'2022-04-25 13:54:52'),(34,27,'2022-04-25 13:54:53'),(34,28,'2022-04-25 13:54:51'),(34,29,'2022-04-25 13:54:50'),(34,31,'2022-04-25 13:54:50'),(34,32,'2022-04-25 13:54:54'),(34,33,'2022-04-25 13:54:52'),(34,34,'2022-04-25 13:54:54'),(34,35,'2022-04-25 13:54:51'),(34,37,'2022-04-25 13:54:50'),(34,38,'2022-04-25 13:54:52'),(34,39,'2022-04-25 13:54:51'),(34,40,'2022-04-25 13:54:50'),(34,41,'2022-04-25 13:54:53'),(34,46,'2022-04-25 13:54:51'),(34,47,'2022-04-25 13:54:53'),(34,49,'2022-04-25 13:54:49'),(34,50,'2022-04-25 13:54:53'),(35,1,'2022-04-25 13:54:50'),(35,2,'2022-04-25 13:54:54'),(35,3,'2022-04-25 13:54:53'),(35,5,'2022-04-25 13:54:53'),(35,6,'2022-04-25 13:54:54'),(35,7,'2022-04-25 13:54:54'),(35,8,'2022-04-25 13:54:52'),(35,10,'2022-04-25 13:54:50'),(35,12,'2022-04-25 13:54:52'),(35,13,'2022-04-25 13:54:54'),(35,14,'2022-04-25 13:54:53'),(35,17,'2022-04-25 13:54:53'),(35,18,'2022-04-25 13:54:53'),(35,19,'2022-04-25 13:54:50'),(35,20,'2022-04-25 13:54:53'),(35,22,'2022-04-25 13:54:50'),(35,24,'2022-04-25 13:54:54'),(35,26,'2022-04-25 13:54:53'),(35,27,'2022-04-25 13:54:51'),(35,28,'2022-04-25 13:54:54'),(35,29,'2022-04-25 13:54:52'),(35,30,'2022-04-25 13:54:52'),(35,32,'2022-04-25 13:54:51'),(35,35,'2022-04-25 13:54:53'),(35,36,'2022-04-25 13:54:53'),(35,37,'2022-04-25 13:54:51'),(35,38,'2022-04-25 13:54:52'),(35,39,'2022-04-25 13:54:53'),(35,40,'2022-04-25 13:54:51'),(35,41,'2022-04-25 13:54:51'),(35,42,'2022-04-25 13:54:52'),(35,43,'2022-04-25 13:54:53'),(35,44,'2022-04-25 13:54:52'),(35,45,'2022-04-25 13:54:52'),(35,46,'2022-04-25 13:54:50'),(35,47,'2022-04-25 13:54:52'),(35,48,'2022-04-25 13:54:54'),(35,49,'2022-04-25 13:54:54'),(35,50,'2022-04-25 13:54:53'),(36,1,'2022-04-25 13:54:50'),(36,2,'2022-04-25 13:54:54'),(36,3,'2022-04-25 13:54:51'),(36,4,'2022-04-25 13:54:53'),(36,6,'2022-04-25 13:54:52'),(36,7,'2022-04-25 13:54:50'),(36,8,'2022-04-25 13:54:50'),(36,11,'2022-04-25 13:54:50'),(36,13,'2022-04-25 13:54:53'),(36,14,'2022-04-25 13:54:50'),(36,15,'2022-04-25 13:54:50'),(36,16,'2022-04-25 13:54:49'),(36,17,'2022-04-25 13:54:53'),(36,18,'2022-04-25 13:54:49'),(36,20,'2022-04-25 13:54:51'),(36,21,'2022-04-25 13:54:50'),(36,22,'2022-04-25 13:54:49'),(36,25,'2022-04-25 13:54:50'),(36,26,'2022-04-25 13:54:52'),(36,27,'2022-04-25 13:54:52'),(36,28,'2022-04-25 13:54:51'),(36,29,'2022-04-25 13:54:54'),(36,30,'2022-04-25 13:54:54'),(36,31,'2022-04-25 13:54:50'),(36,33,'2022-04-25 13:54:52'),(36,34,'2022-04-25 13:54:51'),(36,35,'2022-04-25 13:54:53'),(36,38,'2022-04-25 13:54:54'),(36,39,'2022-04-25 13:54:53'),(36,40,'2022-04-25 13:54:52'),(36,41,'2022-04-25 13:54:53'),(36,42,'2022-04-25 13:54:51'),(36,43,'2022-04-25 13:54:50'),(36,45,'2022-04-25 13:54:53'),(36,46,'2022-04-25 13:54:54'),(36,47,'2022-04-25 13:54:50'),(36,48,'2022-04-25 13:54:51'),(36,50,'2022-04-25 13:54:49'),(37,1,'2022-04-25 13:54:53'),(37,2,'2022-04-25 13:54:50'),(37,3,'2022-04-25 13:54:53'),(37,6,'2022-04-25 13:54:54'),(37,7,'2022-04-25 13:54:50'),(37,8,'2022-04-25 13:54:50'),(37,9,'2022-04-25 13:54:54'),(37,10,'2022-04-25 13:54:50'),(37,11,'2022-04-25 13:54:52'),(37,13,'2022-04-25 13:54:52'),(37,14,'2022-04-25 13:54:52'),(37,15,'2022-04-25 13:54:50'),(37,16,'2022-04-25 13:54:50'),(37,17,'2022-04-25 13:54:51'),(37,18,'2022-04-25 13:54:50'),(37,19,'2022-04-25 13:54:53'),(37,20,'2022-04-25 13:54:50'),(37,21,'2022-04-25 13:54:53'),(37,22,'2022-04-25 13:54:53'),(37,23,'2022-04-25 13:54:54'),(37,24,'2022-04-25 13:54:53'),(37,25,'2022-04-25 13:54:50'),(37,26,'2022-04-25 13:54:52'),(37,28,'2022-04-25 13:54:54'),(37,29,'2022-04-25 13:54:51'),(37,30,'2022-04-25 13:54:54'),(37,31,'2022-04-25 13:54:54'),(37,32,'2022-04-25 13:54:50'),(37,33,'2022-04-25 13:54:51'),(37,35,'2022-04-25 13:54:51'),(37,36,'2022-04-25 13:54:50'),(37,37,'2022-04-25 13:54:50'),(37,38,'2022-04-25 13:54:52'),(37,40,'2022-04-25 13:54:51'),(37,41,'2022-04-25 13:54:50'),(37,42,'2022-04-25 13:54:53'),(37,43,'2022-04-25 13:54:52'),(37,44,'2022-04-25 13:54:52'),(37,45,'2022-04-25 13:54:51'),(37,46,'2022-04-25 13:54:50'),(37,47,'2022-04-25 13:54:50'),(37,50,'2022-04-25 13:54:49'),(38,1,'2022-04-25 13:54:54'),(38,2,'2022-04-25 13:54:52'),(38,3,'2022-04-25 13:54:51'),(38,4,'2022-04-25 13:54:51'),(38,5,'2022-04-25 13:54:50'),(38,6,'2022-04-25 13:54:54'),(38,8,'2022-04-25 13:54:52'),(38,10,'2022-04-25 13:54:52'),(38,11,'2022-04-25 13:54:50'),(38,14,'2022-04-25 13:54:53'),(38,15,'2022-04-25 13:54:49'),(38,17,'2022-04-25 13:54:51'),(38,19,'2022-04-25 13:54:53'),(38,20,'2022-04-25 13:54:54'),(38,22,'2022-04-25 13:54:54'),(38,23,'2022-04-25 13:54:53'),(38,25,'2022-04-25 13:54:53'),(38,26,'2022-04-25 13:54:50'),(38,27,'2022-04-25 13:54:54'),(38,28,'2022-04-25 13:54:53'),(38,29,'2022-04-25 13:54:54'),(38,30,'2022-04-25 13:54:54'),(38,32,'2022-04-25 13:54:50'),(38,34,'2022-04-25 13:54:50'),(38,35,'2022-04-25 13:54:50'),(38,36,'2022-04-25 13:54:52'),(38,37,'2022-04-25 13:54:54'),(38,38,'2022-04-25 13:54:54'),(38,39,'2022-04-25 13:54:53'),(38,41,'2022-04-25 13:54:52'),(38,42,'2022-04-25 13:54:52'),(38,45,'2022-04-25 13:54:51'),(38,46,'2022-04-25 13:54:50'),(38,47,'2022-04-25 13:54:53'),(38,48,'2022-04-25 13:54:53'),(38,49,'2022-04-25 13:54:52'),(38,50,'2022-04-25 13:54:52'),(39,1,'2022-04-25 13:54:53'),(39,2,'2022-04-25 13:54:52'),(39,3,'2022-04-25 13:54:50'),(39,7,'2022-04-25 13:54:53'),(39,8,'2022-04-25 13:54:54'),(39,9,'2022-04-25 13:54:51'),(39,10,'2022-04-25 13:54:50'),(39,12,'2022-04-25 13:54:52'),(39,14,'2022-04-25 13:54:51'),(39,15,'2022-04-25 13:54:51'),(39,16,'2022-04-25 13:54:51'),(39,17,'2022-04-25 13:54:51'),(39,18,'2022-04-25 13:54:52'),(39,19,'2022-04-25 13:54:50'),(39,20,'2022-04-25 13:54:50'),(39,21,'2022-04-25 13:54:54'),(39,22,'2022-04-25 13:54:53'),(39,23,'2022-04-25 13:54:50'),(39,25,'2022-04-25 13:54:53'),(39,26,'2022-04-25 13:54:52'),(39,27,'2022-04-25 13:54:51'),(39,28,'2022-04-25 13:54:49'),(39,29,'2022-04-25 13:54:53'),(39,32,'2022-04-25 13:54:54'),(39,33,'2022-04-25 13:54:54'),(39,34,'2022-04-25 13:54:50'),(39,37,'2022-04-25 13:54:51'),(39,38,'2022-04-25 13:54:54'),(39,39,'2022-04-25 13:54:53'),(39,40,'2022-04-25 13:54:50'),(39,41,'2022-04-25 13:54:54'),(39,42,'2022-04-25 13:54:51'),(39,43,'2022-04-25 13:54:54'),(39,44,'2022-04-25 13:54:53'),(39,45,'2022-04-25 13:54:53'),(39,49,'2022-04-25 13:54:53'),(40,1,'2022-04-25 13:54:54'),(40,2,'2022-04-25 13:54:52'),(40,3,'2022-04-25 13:54:53'),(40,4,'2022-04-25 13:54:51'),(40,5,'2022-04-25 13:54:54'),(40,6,'2022-04-25 13:54:49'),(40,7,'2022-04-25 13:54:49'),(40,8,'2022-04-25 13:54:51'),(40,9,'2022-04-25 13:54:49'),(40,10,'2022-04-25 13:54:53'),(40,11,'2022-04-25 13:54:52'),(40,12,'2022-04-25 13:54:52'),(40,13,'2022-04-25 13:54:53'),(40,14,'2022-04-25 13:54:54'),(40,15,'2022-04-25 13:54:54'),(40,17,'2022-04-25 13:54:52'),(40,20,'2022-04-25 13:54:54'),(40,21,'2022-04-25 13:54:54'),(40,22,'2022-04-25 13:54:50'),(40,23,'2022-04-25 13:54:50'),(40,24,'2022-04-25 13:54:54'),(40,26,'2022-04-25 13:54:54'),(40,27,'2022-04-25 13:54:52'),(40,30,'2022-04-25 13:54:50'),(40,32,'2022-04-25 13:54:54'),(40,33,'2022-04-25 13:54:51'),(40,34,'2022-04-25 13:54:53'),(40,35,'2022-04-25 13:54:50'),(40,36,'2022-04-25 13:54:50'),(40,37,'2022-04-25 13:54:50'),(40,39,'2022-04-25 13:54:51'),(40,40,'2022-04-25 13:54:51'),(40,42,'2022-04-25 13:54:51'),(40,45,'2022-04-25 13:54:51'),(40,46,'2022-04-25 13:54:52'),(40,47,'2022-04-25 13:54:50'),(40,48,'2022-04-25 13:54:49'),(40,49,'2022-04-25 13:54:50'),(40,50,'2022-04-25 13:54:54'),(41,1,'2022-04-25 13:54:49'),(41,2,'2022-04-25 13:54:51'),(41,3,'2022-04-25 13:54:50'),(41,4,'2022-04-25 13:54:51'),(41,6,'2022-04-25 13:54:52'),(41,7,'2022-04-25 13:54:51'),(41,9,'2022-04-25 13:54:50'),(41,10,'2022-04-25 13:54:49'),(41,13,'2022-04-25 13:54:52'),(41,14,'2022-04-25 13:54:51'),(41,18,'2022-04-25 13:54:50'),(41,19,'2022-04-25 13:54:52'),(41,22,'2022-04-25 13:54:50'),(41,23,'2022-04-25 13:54:53'),(41,24,'2022-04-25 13:54:50'),(41,28,'2022-04-25 13:54:49'),(41,31,'2022-04-25 13:54:50'),(41,32,'2022-04-25 13:54:54'),(41,33,'2022-04-25 13:54:51'),(41,34,'2022-04-25 13:54:54'),(41,35,'2022-04-25 13:54:53'),(41,36,'2022-04-25 13:54:50'),(41,37,'2022-04-25 13:54:49'),(41,38,'2022-04-25 13:54:51'),(41,39,'2022-04-25 13:54:50'),(41,41,'2022-04-25 13:54:51'),(41,42,'2022-04-25 13:54:52'),(41,43,'2022-04-25 13:54:51'),(41,44,'2022-04-25 13:54:52'),(41,46,'2022-04-25 13:54:52'),(41,49,'2022-04-25 13:54:51'),(41,50,'2022-04-25 13:54:54'),(42,1,'2022-04-25 13:54:49'),(42,2,'2022-04-25 13:54:50'),(42,4,'2022-04-25 13:54:54'),(42,5,'2022-04-25 13:54:54'),(42,8,'2022-04-25 13:54:52'),(42,9,'2022-04-25 13:54:52'),(42,10,'2022-04-25 13:54:49'),(42,11,'2022-04-25 13:54:51'),(42,12,'2022-04-25 13:54:53'),(42,13,'2022-04-25 13:54:52'),(42,14,'2022-04-25 13:54:52'),(42,15,'2022-04-25 13:54:52'),(42,16,'2022-04-25 13:54:50'),(42,17,'2022-04-25 13:54:51'),(42,18,'2022-04-25 13:54:51'),(42,19,'2022-04-25 13:54:51'),(42,21,'2022-04-25 13:54:54'),(42,23,'2022-04-25 13:54:49'),(42,24,'2022-04-25 13:54:50'),(42,25,'2022-04-25 13:54:54'),(42,27,'2022-04-25 13:54:52'),(42,28,'2022-04-25 13:54:51'),(42,29,'2022-04-25 13:54:50'),(42,32,'2022-04-25 13:54:53'),(42,35,'2022-04-25 13:54:50'),(42,36,'2022-04-25 13:54:53'),(42,38,'2022-04-25 13:54:51'),(42,39,'2022-04-25 13:54:53'),(42,40,'2022-04-25 13:54:54'),(42,41,'2022-04-25 13:54:50'),(42,42,'2022-04-25 13:54:52'),(42,43,'2022-04-25 13:54:50'),(42,44,'2022-04-25 13:54:51'),(42,45,'2022-04-25 13:54:52'),(42,46,'2022-04-25 13:54:50'),(42,47,'2022-04-25 13:54:51'),(42,49,'2022-04-25 13:54:49'),(42,50,'2022-04-25 13:54:49'),(43,1,'2022-04-25 13:54:51'),(43,2,'2022-04-25 13:54:53'),(43,3,'2022-04-25 13:54:51'),(43,4,'2022-04-25 13:54:51'),(43,5,'2022-04-25 13:54:49'),(43,7,'2022-04-25 13:54:49'),(43,8,'2022-04-25 13:54:53'),(43,10,'2022-04-25 13:54:53'),(43,12,'2022-04-25 13:54:50'),(43,13,'2022-04-25 13:54:50'),(43,14,'2022-04-25 13:54:50'),(43,15,'2022-04-25 13:54:52'),(43,16,'2022-04-25 13:54:53'),(43,17,'2022-04-25 13:54:50'),(43,18,'2022-04-25 13:54:50'),(43,20,'2022-04-25 13:54:53'),(43,21,'2022-04-25 13:54:52'),(43,22,'2022-04-25 13:54:51'),(43,23,'2022-04-25 13:54:53'),(43,24,'2022-04-25 13:54:54'),(43,25,'2022-04-25 13:54:50'),(43,26,'2022-04-25 13:54:53'),(43,27,'2022-04-25 13:54:53'),(43,28,'2022-04-25 13:54:54'),(43,30,'2022-04-25 13:54:54'),(43,31,'2022-04-25 13:54:53'),(43,32,'2022-04-25 13:54:51'),(43,33,'2022-04-25 13:54:49'),(43,34,'2022-04-25 13:54:53'),(43,36,'2022-04-25 13:54:51'),(43,38,'2022-04-25 13:54:51'),(43,39,'2022-04-25 13:54:53'),(43,40,'2022-04-25 13:54:49'),(43,41,'2022-04-25 13:54:52'),(43,42,'2022-04-25 13:54:53'),(43,43,'2022-04-25 13:54:49'),(43,47,'2022-04-25 13:54:54'),(43,50,'2022-04-25 13:54:54'),(44,1,'2022-04-25 13:54:50'),(44,2,'2022-04-25 13:54:51'),(44,3,'2022-04-25 13:54:50'),(44,4,'2022-04-25 13:54:53'),(44,6,'2022-04-25 13:54:51'),(44,7,'2022-04-25 13:54:52'),(44,8,'2022-04-25 13:54:51'),(44,9,'2022-04-25 13:54:52'),(44,10,'2022-04-25 13:54:52'),(44,11,'2022-04-25 13:54:53'),(44,12,'2022-04-25 13:54:51'),(44,13,'2022-04-25 13:54:52'),(44,14,'2022-04-25 13:54:54'),(44,15,'2022-04-25 13:54:54'),(44,16,'2022-04-25 13:54:51'),(44,22,'2022-04-25 13:54:51'),(44,23,'2022-04-25 13:54:50'),(44,24,'2022-04-25 13:54:53'),(44,25,'2022-04-25 13:54:51'),(44,27,'2022-04-25 13:54:50'),(44,28,'2022-04-25 13:54:54'),(44,29,'2022-04-25 13:54:51'),(44,30,'2022-04-25 13:54:54'),(44,31,'2022-04-25 13:54:54'),(44,34,'2022-04-25 13:54:50'),(44,35,'2022-04-25 13:54:54'),(44,36,'2022-04-25 13:54:49'),(44,38,'2022-04-25 13:54:53'),(44,39,'2022-04-25 13:54:51'),(44,40,'2022-04-25 13:54:54'),(44,42,'2022-04-25 13:54:54'),(44,43,'2022-04-25 13:54:52'),(44,44,'2022-04-25 13:54:51'),(44,50,'2022-04-25 13:54:50'),(45,1,'2022-04-25 13:54:53'),(45,3,'2022-04-25 13:54:52'),(45,7,'2022-04-25 13:54:50'),(45,8,'2022-04-25 13:54:54'),(45,9,'2022-04-25 13:54:52'),(45,12,'2022-04-25 13:54:51'),(45,13,'2022-04-25 13:54:54'),(45,14,'2022-04-25 13:54:54'),(45,15,'2022-04-25 13:54:50'),(45,17,'2022-04-25 13:54:50'),(45,19,'2022-04-25 13:54:50'),(45,20,'2022-04-25 13:54:51'),(45,21,'2022-04-25 13:54:52'),(45,22,'2022-04-25 13:54:53'),(45,23,'2022-04-25 13:54:50'),(45,25,'2022-04-25 13:54:51'),(45,26,'2022-04-25 13:54:52'),(45,27,'2022-04-25 13:54:52'),(45,30,'2022-04-25 13:54:53'),(45,31,'2022-04-25 13:54:52'),(45,32,'2022-04-25 13:54:51'),(45,33,'2022-04-25 13:54:50'),(45,34,'2022-04-25 13:54:50'),(45,35,'2022-04-25 13:54:51'),(45,37,'2022-04-25 13:54:51'),(45,38,'2022-04-25 13:54:49'),(45,40,'2022-04-25 13:54:51'),(45,42,'2022-04-25 13:54:52'),(45,43,'2022-04-25 13:54:50'),(45,44,'2022-04-25 13:54:51'),(45,45,'2022-04-25 13:54:54'),(45,46,'2022-04-25 13:54:53'),(45,48,'2022-04-25 13:54:51'),(45,49,'2022-04-25 13:54:54'),(45,50,'2022-04-25 13:54:54'),(46,1,'2022-04-25 13:54:50'),(46,2,'2022-04-25 13:54:49'),(46,3,'2022-04-25 13:54:50'),(46,4,'2022-04-25 13:54:52'),(46,5,'2022-04-25 13:54:53'),(46,6,'2022-04-25 13:54:53'),(46,7,'2022-04-25 13:54:51'),(46,9,'2022-04-25 13:54:51'),(46,10,'2022-04-25 13:54:50'),(46,11,'2022-04-25 13:54:50'),(46,12,'2022-04-25 13:54:53'),(46,13,'2022-04-25 13:54:54'),(46,14,'2022-04-25 13:54:51'),(46,15,'2022-04-25 13:54:51'),(46,17,'2022-04-25 13:54:53'),(46,19,'2022-04-25 13:54:50'),(46,20,'2022-04-25 13:54:50'),(46,22,'2022-04-25 13:54:54'),(46,23,'2022-04-25 13:54:53'),(46,24,'2022-04-25 13:54:50'),(46,25,'2022-04-25 13:54:49'),(46,27,'2022-04-25 13:54:50'),(46,28,'2022-04-25 13:54:51'),(46,29,'2022-04-25 13:54:49'),(46,30,'2022-04-25 13:54:51'),(46,31,'2022-04-25 13:54:54'),(46,32,'2022-04-25 13:54:52'),(46,35,'2022-04-25 13:54:49'),(46,36,'2022-04-25 13:54:53'),(46,38,'2022-04-25 13:54:52'),(46,39,'2022-04-25 13:54:54'),(46,40,'2022-04-25 13:54:53'),(46,41,'2022-04-25 13:54:54'),(46,42,'2022-04-25 13:54:53'),(46,43,'2022-04-25 13:54:52'),(46,44,'2022-04-25 13:54:54'),(46,45,'2022-04-25 13:54:52'),(46,46,'2022-04-25 13:54:51'),(46,47,'2022-04-25 13:54:52'),(46,48,'2022-04-25 13:54:51'),(46,50,'2022-04-25 13:54:53'),(47,1,'2022-04-25 13:54:51'),(47,3,'2022-04-25 13:54:53'),(47,4,'2022-04-25 13:54:52'),(47,5,'2022-04-25 13:54:51'),(47,6,'2022-04-25 13:54:54'),(47,7,'2022-04-25 13:54:50'),(47,8,'2022-04-25 13:54:53'),(47,9,'2022-04-25 13:54:53'),(47,10,'2022-04-25 13:54:49'),(47,11,'2022-04-25 13:54:50'),(47,14,'2022-04-25 13:54:53'),(47,15,'2022-04-25 13:54:52'),(47,16,'2022-04-25 13:54:53'),(47,17,'2022-04-25 13:54:50'),(47,19,'2022-04-25 13:54:50'),(47,21,'2022-04-25 13:54:50'),(47,22,'2022-04-25 13:54:51'),(47,23,'2022-04-25 13:54:53'),(47,24,'2022-04-25 13:54:51'),(47,26,'2022-04-25 13:54:54'),(47,27,'2022-04-25 13:54:52'),(47,28,'2022-04-25 13:54:50'),(47,29,'2022-04-25 13:54:49'),(47,30,'2022-04-25 13:54:53'),(47,31,'2022-04-25 13:54:50'),(47,32,'2022-04-25 13:54:52'),(47,34,'2022-04-25 13:54:54'),(47,35,'2022-04-25 13:54:51'),(47,36,'2022-04-25 13:54:50'),(47,37,'2022-04-25 13:54:53'),(47,38,'2022-04-25 13:54:54'),(47,39,'2022-04-25 13:54:51'),(47,40,'2022-04-25 13:54:52'),(47,41,'2022-04-25 13:54:51'),(47,42,'2022-04-25 13:54:52'),(47,43,'2022-04-25 13:54:53'),(47,44,'2022-04-25 13:54:51'),(47,45,'2022-04-25 13:54:50'),(47,47,'2022-04-25 13:54:53'),(47,49,'2022-04-25 13:54:53'),(47,50,'2022-04-25 13:54:50'),(48,1,'2022-04-25 13:54:50'),(48,2,'2022-04-25 13:54:54'),(48,4,'2022-04-25 13:54:54'),(48,5,'2022-04-25 13:54:50'),(48,6,'2022-04-25 13:54:50'),(48,7,'2022-04-25 13:54:50'),(48,8,'2022-04-25 13:54:52'),(48,9,'2022-04-25 13:54:54'),(48,10,'2022-04-25 13:54:54'),(48,11,'2022-04-25 13:54:50'),(48,12,'2022-04-25 13:54:53'),(48,13,'2022-04-25 13:54:52'),(48,14,'2022-04-25 13:54:49'),(48,15,'2022-04-25 13:54:52'),(48,17,'2022-04-25 13:54:54'),(48,19,'2022-04-25 13:54:53'),(48,20,'2022-04-25 13:54:53'),(48,23,'2022-04-25 13:54:51'),(48,25,'2022-04-25 13:54:52'),(48,26,'2022-04-25 13:54:53'),(48,27,'2022-04-25 13:54:50'),(48,28,'2022-04-25 13:54:51'),(48,29,'2022-04-25 13:54:50'),(48,31,'2022-04-25 13:54:50'),(48,32,'2022-04-25 13:54:50'),(48,33,'2022-04-25 13:54:50'),(48,35,'2022-04-25 13:54:52'),(48,37,'2022-04-25 13:54:54'),(48,39,'2022-04-25 13:54:52'),(48,40,'2022-04-25 13:54:52'),(48,42,'2022-04-25 13:54:52'),(48,43,'2022-04-25 13:54:50'),(48,45,'2022-04-25 13:54:54'),(48,46,'2022-04-25 13:54:50'),(48,47,'2022-04-25 13:54:53'),(48,48,'2022-04-25 13:54:51'),(49,1,'2022-04-25 13:54:51'),(49,2,'2022-04-25 13:54:54'),(49,3,'2022-04-25 13:54:50'),(49,4,'2022-04-25 13:54:51'),(49,5,'2022-04-25 13:54:53'),(49,8,'2022-04-25 13:54:53'),(49,13,'2022-04-25 13:54:52'),(49,14,'2022-04-25 13:54:53'),(49,15,'2022-04-25 13:54:53'),(49,16,'2022-04-25 13:54:53'),(49,17,'2022-04-25 13:54:54'),(49,18,'2022-04-25 13:54:52'),(49,19,'2022-04-25 13:54:52'),(49,20,'2022-04-25 13:54:54'),(49,21,'2022-04-25 13:54:51'),(49,22,'2022-04-25 13:54:54'),(49,23,'2022-04-25 13:54:52'),(49,24,'2022-04-25 13:54:53'),(49,26,'2022-04-25 13:54:52'),(49,27,'2022-04-25 13:54:53'),(49,28,'2022-04-25 13:54:53'),(49,29,'2022-04-25 13:54:53'),(49,30,'2022-04-25 13:54:50'),(49,31,'2022-04-25 13:54:52'),(49,32,'2022-04-25 13:54:50'),(49,34,'2022-04-25 13:54:53'),(49,35,'2022-04-25 13:54:54'),(49,36,'2022-04-25 13:54:51'),(49,37,'2022-04-25 13:54:51'),(49,38,'2022-04-25 13:54:49'),(49,40,'2022-04-25 13:54:52'),(49,42,'2022-04-25 13:54:51'),(49,44,'2022-04-25 13:54:53'),(49,45,'2022-04-25 13:54:52'),(49,46,'2022-04-25 13:54:50'),(49,47,'2022-04-25 13:54:52'),(49,50,'2022-04-25 13:54:51'),(50,2,'2022-04-25 13:54:50'),(50,3,'2022-04-25 13:54:50'),(50,4,'2022-04-25 13:54:54'),(50,5,'2022-04-25 13:54:53'),(50,6,'2022-04-25 13:54:53'),(50,7,'2022-04-25 13:54:53'),(50,8,'2022-04-25 13:54:53'),(50,9,'2022-04-25 13:54:54'),(50,11,'2022-04-25 13:54:54'),(50,12,'2022-04-25 13:54:53'),(50,13,'2022-04-25 13:54:50'),(50,14,'2022-04-25 13:54:52'),(50,15,'2022-04-25 13:54:53'),(50,16,'2022-04-25 13:54:50'),(50,18,'2022-04-25 13:54:50'),(50,19,'2022-04-25 13:54:51'),(50,20,'2022-04-25 13:54:53'),(50,22,'2022-04-25 13:54:50'),(50,23,'2022-04-25 13:54:53'),(50,24,'2022-04-25 13:54:52'),(50,27,'2022-04-25 13:54:52'),(50,28,'2022-04-25 13:54:54'),(50,29,'2022-04-25 13:54:50'),(50,31,'2022-04-25 13:54:52'),(50,32,'2022-04-25 13:54:50'),(50,33,'2022-04-25 13:54:52'),(50,34,'2022-04-25 13:54:53'),(50,35,'2022-04-25 13:54:53'),(50,36,'2022-04-25 13:54:51'),(50,38,'2022-04-25 13:54:54'),(50,39,'2022-04-25 13:54:53'),(50,40,'2022-04-25 13:54:52'),(50,41,'2022-04-25 13:54:49'),(50,45,'2022-04-25 13:54:51'),(50,46,'2022-04-25 13:54:50'),(50,47,'2022-04-25 13:54:51'),(50,48,'2022-04-25 13:54:49'),(50,49,'2022-04-25 13:54:51');
/*!40000 ALTER TABLE `follows` ENABLE KEYS */;
UNLOCK TABLES;

--
-- Table structure for table `hashtag_follow`
--

DROP TABLE IF EXISTS `hashtag_follow`;
/*!40101 SET @saved_cs_client     = @@character_set_client */;
/*!50503 SET character_set_client = utf8mb4 */;
CREATE TABLE `hashtag_follow` (
  `user_id` int NOT NULL,
  `hashtag_id` int NOT NULL,
  `created_at` timestamp NULL DEFAULT CURRENT_TIMESTAMP,
  PRIMARY KEY (`user_id`,`hashtag_id`),
  KEY `hashtag_id` (`hashtag_id`),
  CONSTRAINT `hashtag_follow_ibfk_1` FOREIGN KEY (`user_id`) REFERENCES `users` (`user_id`),
  CONSTRAINT `hashtag_follow_ibfk_2` FOREIGN KEY (`hashtag_id`) REFERENCES `hashtags` (`hashtag_id`)
) ENGINE=InnoDB DEFAULT CHARSET=utf8mb4 COLLATE=utf8mb4_0900_ai_ci;
/*!40101 SET character_set_client = @saved_cs_client */;

--
-- Dumping data for table `hashtag_follow`
--

LOCK TABLES `hashtag_follow` WRITE;
/*!40000 ALTER TABLE `hashtag_follow` DISABLE KEYS */;
INSERT INTO `hashtag_follow` VALUES (1,15,'2022-04-25 13:55:02'),(4,7,'2022-04-25 13:55:02'),(4,28,'2022-04-25 13:55:02'),(5,4,'2022-04-25 13:55:02'),(7,26,'2022-04-25 13:55:02'),(8,15,'2022-04-25 13:55:02'),(8,18,'2022-04-25 13:55:02'),(9,21,'2022-04-25 13:55:02'),(10,1,'2022-04-25 13:55:02'),(13,17,'2022-04-25 13:55:02'),(15,22,'2022-04-25 13:55:02'),(16,13,'2022-04-25 13:55:02'),(16,22,'2022-04-25 13:55:02'),(18,5,'2022-04-25 13:55:02'),(18,13,'2022-04-25 13:55:02'),(19,5,'2022-04-25 13:55:02'),(20,25,'2022-04-25 13:55:02'),(21,18,'2022-04-25 13:55:02'),(21,25,'2022-04-25 13:55:02'),(25,2,'2022-04-25 13:55:02'),(27,13,'2022-04-25 13:55:02'),(33,24,'2022-04-25 13:55:02'),(34,14,'2022-04-25 13:55:02'),(41,12,'2022-04-25 13:55:02'),(42,10,'2022-04-25 13:55:02'),(45,5,'2022-04-25 13:55:02'),(45,13,'2022-04-25 13:55:02'),(46,26,'2022-04-25 13:55:02'),(47,17,'2022-04-25 13:55:02'),(50,12,'2022-04-25 13:55:02');
/*!40000 ALTER TABLE `hashtag_follow` ENABLE KEYS */;
UNLOCK TABLES;

--
-- Table structure for table `hashtags`
--

DROP TABLE IF EXISTS `hashtags`;
/*!40101 SET @saved_cs_client     = @@character_set_client */;
/*!50503 SET character_set_client = utf8mb4 */;
CREATE TABLE `hashtags` (
  `hashtag_id` int NOT NULL AUTO_INCREMENT,
  `hashtag_name` varchar(255) DEFAULT NULL,
  `created_at` timestamp NULL DEFAULT CURRENT_TIMESTAMP,
  PRIMARY KEY (`hashtag_id`),
  UNIQUE KEY `hashtag_name` (`hashtag_name`)
) ENGINE=InnoDB AUTO_INCREMENT=32 DEFAULT CHARSET=utf8mb4 COLLATE=utf8mb4_0900_ai_ci;
/*!40101 SET character_set_client = @saved_cs_client */;

--
-- Dumping data for table `hashtags`
--

LOCK TABLES `hashtags` WRITE;
/*!40000 ALTER TABLE `hashtags` DISABLE KEYS */;
INSERT INTO `hashtags` VALUES (1,' #joinbtsarmy','2022-04-25 13:54:54'),(2,' #kisaansupport','2022-04-25 13:54:54'),(3,' #fitnessfreak','2022-04-25 13:54:54'),(4,' #runforunity','2022-04-25 13:54:54'),(5,' #studentlivesmatter','2022-04-25 13:54:54'),(6,' #cancellJEEiit','2022-04-25 13:54:54'),(7,' #REOPEN colleges','2022-04-25 13:54:54'),(8,' #party','2022-04-25 13:54:54'),(9,' #followme','2022-04-25 13:54:54'),(10,' #christmas','2022-04-25 13:54:54'),(11,' #socialmedia','2022-04-25 13:54:54'),(12,' #family','2022-04-25 13:54:54'),(13,' #festivesale','2022-04-25 13:54:54'),(14,' #sunnyday','2022-04-25 13:54:54'),(15,' #enjoy','2022-04-25 13:54:54'),(16,' #weekendmasti','2022-04-25 13:54:54'),(17,' #love','2022-04-25 13:54:54'),(18,'  #instagood','2022-04-25 13:54:54'),(19,' #photooftheday','2022-04-25 13:54:54'),(20,'  #beautiful','2022-04-25 13:54:54'),(21,' #fashion','2022-04-25 13:54:54'),(22,'  #tbt','2022-04-25 13:54:54'),(23,' #happy','2022-04-25 13:54:54'),(24,' #cute','2022-04-25 13:54:55'),(25,'  #followme','2022-04-25 13:54:55'),(26,'  #like4like','2022-04-25 13:54:55'),(27,'  #follow','2022-04-25 13:54:55'),(28,'  #me','2022-04-25 13:54:55'),(29,'  #picoftheday','2022-04-25 13:54:55'),(30,' #selfie','2022-04-25 13:54:55'),(31,'#GOGREEN ','2022-04-25 13:54:55');
/*!40000 ALTER TABLE `hashtags` ENABLE KEYS */;
UNLOCK TABLES;

--
-- Table structure for table `login`
--

DROP TABLE IF EXISTS `login`;
/*!40101 SET @saved_cs_client     = @@character_set_client */;
/*!50503 SET character_set_client = utf8mb4 */;
CREATE TABLE `login` (
  `login_id` int NOT NULL AUTO_INCREMENT,
  `user_id` int NOT NULL,
  `ip` varchar(50) NOT NULL,
  `login_time` timestamp NOT NULL DEFAULT CURRENT_TIMESTAMP,
  PRIMARY KEY (`login_id`),
  KEY `user_id` (`user_id`),
  CONSTRAINT `login_ibfk_1` FOREIGN KEY (`user_id`) REFERENCES `users` (`user_id`)
) ENGINE=InnoDB AUTO_INCREMENT=101 DEFAULT CHARSET=utf8mb4 COLLATE=utf8mb4_0900_ai_ci;
/*!40101 SET character_set_client = @saved_cs_client */;

--
-- Dumping data for table `login`
--

LOCK TABLES `login` WRITE;
/*!40000 ALTER TABLE `login` DISABLE KEYS */;
INSERT INTO `login` VALUES (1,19,'186.83.147.14','2022-04-25 13:55:02'),(2,43,'95.43.246.66','2022-04-25 13:55:02'),(3,34,'105.238.37.204','2022-04-25 13:55:02'),(4,36,'13.120.97.136','2022-04-25 13:55:02'),(5,36,'0.83.214.172','2022-04-25 13:55:02'),(6,34,'20.182.93.222','2022-04-25 13:55:02'),(7,11,'200.237.53.32','2022-04-25 13:55:02'),(8,28,'41.81.231.81','2022-04-25 13:55:02'),(9,25,'24.223.2.33','2022-04-25 13:55:02'),(10,43,'8.168.37.68','2022-04-25 13:55:02'),(11,24,'129.91.145.75','2022-04-25 13:55:02'),(12,42,'8.65.175.204','2022-04-25 13:55:02'),(13,15,'242.220.82.190','2022-04-25 13:55:02'),(14,6,'107.137.170.154','2022-04-25 13:55:02'),(15,10,'206.40.219.225','2022-04-25 13:55:02'),(16,2,'136.186.80.29','2022-04-25 13:55:02'),(17,13,'234.153.100.73','2022-04-25 13:55:02'),(18,43,'137.168.133.16','2022-04-25 13:55:02'),(19,43,'248.119.108.48','2022-04-25 13:55:02'),(20,46,'92.178.211.66','2022-04-25 13:55:02'),(21,17,'25.177.94.84','2022-04-25 13:55:02'),(22,22,'40.165.240.121','2022-04-25 13:55:02'),(23,38,'14.217.104.111','2022-04-25 13:55:02'),(24,26,'17.82.20.179','2022-04-25 13:55:02'),(25,31,'183.67.159.170','2022-04-25 13:55:02'),(26,36,'211.7.231.108','2022-04-25 13:55:02'),(27,41,'20.81.221.177','2022-04-25 13:55:02'),(28,2,'235.195.9.138','2022-04-25 13:55:02'),(29,15,'206.230.99.108','2022-04-25 13:55:02'),(30,38,'196.138.60.144','2022-04-25 13:55:02'),(31,6,'103.52.7.34','2022-04-25 13:55:02'),(32,34,'232.209.180.248','2022-04-25 13:55:02'),(33,15,'109.26.198.247','2022-04-25 13:55:02'),(34,45,'76.38.160.92','2022-04-25 13:55:02'),(35,47,'239.166.182.14','2022-04-25 13:55:02'),(36,40,'225.130.239.107','2022-04-25 13:55:02'),(37,46,'250.158.54.36','2022-04-25 13:55:02'),(38,10,'173.160.71.20','2022-04-25 13:55:02'),(39,38,'200.10.166.141','2022-04-25 13:55:02'),(40,15,'195.136.72.29','2022-04-25 13:55:02'),(41,42,'58.64.148.8','2022-04-25 13:55:02'),(42,38,'245.136.26.79','2022-04-25 13:55:02'),(43,5,'16.152.146.172','2022-04-25 13:55:02'),(44,36,'56.127.227.250','2022-04-25 13:55:02'),(45,25,'136.191.250.64','2022-04-25 13:55:02'),(46,19,'28.190.80.226','2022-04-25 13:55:02'),(47,33,'247.63.28.170','2022-04-25 13:55:02'),(48,47,'77.112.183.186','2022-04-25 13:55:02'),(49,26,'147.228.253.137','2022-04-25 13:55:02'),(50,33,'3.70.234.168','2022-04-25 13:55:02'),(51,24,'213.98.160.235','2022-04-25 13:55:02'),(52,45,'224.112.90.6','2022-04-25 13:55:02'),(53,39,'163.233.26.24','2022-04-25 13:55:02'),(54,9,'128.79.68.115','2022-04-25 13:55:02'),(55,20,'0.36.210.165','2022-04-25 13:55:02'),(56,13,'138.32.95.212','2022-04-25 13:55:02'),(57,22,'233.203.24.116','2022-04-25 13:55:02'),(58,22,'45.87.104.147','2022-04-25 13:55:02'),(59,2,'178.217.157.41','2022-04-25 13:55:02'),(60,42,'6.29.50.100','2022-04-25 13:55:02'),(61,11,'99.177.102.209','2022-04-25 13:55:02'),(62,25,'242.87.45.152','2022-04-25 13:55:02'),(63,12,'187.170.52.130','2022-04-25 13:55:02'),(64,43,'112.10.139.193','2022-04-25 13:55:02'),(65,43,'73.147.94.38','2022-04-25 13:55:02'),(66,50,'157.45.4.120','2022-04-25 13:55:02'),(67,33,'176.2.26.232','2022-04-25 13:55:02'),(68,14,'103.225.38.110','2022-04-25 13:55:02'),(69,38,'81.42.205.37','2022-04-25 13:55:02'),(70,26,'200.166.27.162','2022-04-25 13:55:02'),(71,8,'131.236.23.35','2022-04-25 13:55:02'),(72,43,'107.163.201.212','2022-04-25 13:55:02'),(73,46,'211.68.48.44','2022-04-25 13:55:02'),(74,34,'159.155.216.188','2022-04-25 13:55:02'),(75,2,'236.127.210.188','2022-04-25 13:55:02'),(76,22,'238.190.151.98','2022-04-25 13:55:02'),(77,46,'145.80.84.206','2022-04-25 13:55:02'),(78,45,'203.188.132.95','2022-04-25 13:55:02'),(79,28,'184.58.66.29','2022-04-25 13:55:02'),(80,12,'86.104.134.78','2022-04-25 13:55:02'),(81,47,'94.45.198.183','2022-04-25 13:55:02'),(82,48,'50.222.193.184','2022-04-25 13:55:02'),(83,49,'43.49.49.88','2022-04-25 13:55:02'),(84,24,'219.166.183.216','2022-04-25 13:55:02'),(85,33,'15.21.216.21','2022-04-25 13:55:02'),(86,20,'177.150.57.124','2022-04-25 13:55:02'),(87,34,'150.19.152.19','2022-04-25 13:55:02'),(88,49,'112.226.244.101','2022-04-25 13:55:02'),(89,9,'108.216.168.190','2022-04-25 13:55:02'),(90,48,'66.76.200.102','2022-04-25 13:55:02'),(91,30,'23.225.200.35','2022-04-25 13:55:02'),(92,50,'24.57.93.90','2022-04-25 13:55:02'),(93,13,'65.104.238.185','2022-04-25 13:55:02'),(94,18,'208.4.103.252','2022-04-25 13:55:02'),(95,26,'185.28.144.176','2022-04-25 13:55:02'),(96,7,'116.215.67.178','2022-04-25 13:55:02'),(97,41,'142.210.152.194','2022-04-25 13:55:02'),(98,49,'194.198.76.27','2022-04-25 13:55:02'),(99,48,'155.148.13.228','2022-04-25 13:55:02'),(100,35,'101.225.93.143','2022-04-25 13:55:02');
/*!40000 ALTER TABLE `login` ENABLE KEYS */;
UNLOCK TABLES;

--
-- Table structure for table `messages`
--

DROP TABLE IF EXISTS `messages`;
/*!40101 SET @saved_cs_client     = @@character_set_client */;
/*!50503 SET character_set_client = utf8mb4 */;
CREATE TABLE `messages` (
  `message_id` int NOT NULL AUTO_INCREMENT,
  `send_id` int NOT NULL,
  `recieve_id` int NOT NULL,
  `message_text` varchar(1000) DEFAULT NULL,
  `time` timestamp NULL DEFAULT CURRENT_TIMESTAMP,
  PRIMARY KEY (`message_id`),
  KEY `u_idx` (`send_id`),
  KEY `r_idx` (`recieve_id`),
  CONSTRAINT `r` FOREIGN KEY (`recieve_id`) REFERENCES `users` (`user_id`),
  CONSTRAINT `s` FOREIGN KEY (`send_id`) REFERENCES `users` (`user_id`)
) ENGINE=InnoDB AUTO_INCREMENT=66 DEFAULT CHARSET=utf8mb4 COLLATE=utf8mb4_0900_ai_ci;
/*!40101 SET character_set_client = @saved_cs_client */;

--
-- Dumping data for table `messages`
--

LOCK TABLES `messages` WRITE;
/*!40000 ALTER TABLE `messages` DISABLE KEYS */;
INSERT INTO `messages` VALUES (1,1,2,'ok','2022-05-10 15:20:38'),(2,2,1,'hi','2022-05-11 03:08:38'),(3,1,2,'ok','2022-05-11 03:23:07'),(4,1,2,'lala laala','2022-05-11 03:23:54'),(5,1,3,'f','2022-05-11 03:27:44'),(6,1,7,'adf','2022-05-11 03:27:44'),(7,7,1,'d','2022-05-11 03:27:44'),(8,4,1,'a','2022-05-11 03:27:44'),(9,4,1,'ad','2022-05-11 03:27:44'),(10,1,3,'adf','2022-05-11 03:27:44'),(11,3,1,'af','2022-05-11 03:27:44'),(12,5,1,'ad','2022-05-11 03:27:44'),(13,1,5,'h','2022-05-11 03:27:44'),(14,1,2,'jfklsdhkf','2022-05-11 09:35:10'),(15,1,2,'lklkjdflkl','2022-05-11 10:05:25'),(16,1,2,'jsdlkdf','2022-05-11 10:08:17'),(17,1,5,'fnjd','2022-05-11 10:08:23'),(18,1,2,'o','2022-05-11 10:50:56'),(19,1,2,'l','2022-05-11 10:51:05'),(20,1,2,'ok','2022-05-13 04:18:41'),(21,1,2,'alo\r\n','2022-05-13 04:20:04'),(22,1,3,'fjsjd','2022-05-13 04:37:27'),(23,2,1,'okjfkahdff','2022-05-13 07:43:18'),(24,2,1,'alo','2022-05-13 07:52:22'),(25,2,1,'fdk','2022-05-13 07:57:17'),(26,2,1,'sadf','2022-05-13 08:19:29'),(27,1,2,'alo','2022-05-13 16:09:48'),(28,1,2,'asdf','2022-05-13 16:12:07'),(30,1,2,'fsdf','2022-05-14 05:15:57'),(57,1,2,'lala','2022-05-14 06:49:17'),(58,1,2,'helo','2022-05-14 06:49:34'),(59,1,2,'hello','2022-05-14 06:51:13'),(60,1,2,'ok','2022-05-14 06:52:25'),(61,2,1,'','2022-05-14 06:52:29'),(62,1,2,'ok','2022-05-14 06:55:21'),(63,1,2,'lee','2022-05-14 06:55:39'),(64,1,2,'hello','2022-05-14 07:26:07'),(65,1,2,'hi','2022-05-14 07:37:16');
/*!40000 ALTER TABLE `messages` ENABLE KEYS */;
UNLOCK TABLES;

--
-- Table structure for table `photos`
--

DROP TABLE IF EXISTS `photos`;
/*!40101 SET @saved_cs_client     = @@character_set_client */;
/*!50503 SET character_set_client = utf8mb4 */;
CREATE TABLE `photos` (
  `photo_id` int NOT NULL AUTO_INCREMENT,
  `photo_url` varchar(255) NOT NULL,
  `post_id` int NOT NULL,
  `created_at` timestamp NULL DEFAULT CURRENT_TIMESTAMP,
  `size` float DEFAULT NULL,
  PRIMARY KEY (`photo_id`),
  CONSTRAINT `photos_chk_1` CHECK ((`size` < 5))
) ENGINE=InnoDB AUTO_INCREMENT=61 DEFAULT CHARSET=utf8mb4 COLLATE=utf8mb4_0900_ai_ci;
/*!40101 SET character_set_client = @saved_cs_client */;

--
-- Dumping data for table `photos`
--

LOCK TABLES `photos` WRITE;
/*!40000 ALTER TABLE `photos` DISABLE KEYS */;
INSERT INTO `photos` VALUES (1,'/assets/images/post/1/1.jpg',1,'2022-04-25 13:54:55',4),(2,'/assets/images/post/2/1.jpg',2,'2022-04-25 13:54:55',1),(3,'/assets/images/post/3/1.jpg',3,'2022-04-25 13:54:55',2),(4,'file:///C:/Users/tnh21/Downloads/ERDiagram.png',4,'2022-04-25 13:54:55',1),(5,'https://picsum.photos/104',5,'2022-04-25 13:54:55',2),(6,'https://picsum.photos/105',6,'2022-04-25 13:54:55',3),(7,'https://picsum.photos/106',7,'2022-04-25 13:54:55',4),(8,'https://picsum.photos/107',8,'2022-04-25 13:54:55',4),(9,'https://picsum.photos/108',9,'2022-04-25 13:54:55',2),(10,'https://picsum.photos/109',10,'2022-04-25 13:54:55',2),(11,'https://picsum.photos/110',36,'2022-04-25 13:54:55',2),(12,'https://picsum.photos/111',37,'2022-04-25 13:54:55',2),(13,'https://picsum.photos/112',38,'2022-04-25 13:54:55',2),(14,'https://picsum.photos/113',2,'2022-04-25 13:54:55',2),(15,'https://picsum.photos/114',2,'2022-04-25 13:54:55',4),(16,'https://picsum.photos/115',1,'2022-04-25 13:54:55',4),(17,'https://picsum.photos/116',1,'2022-04-25 13:54:55',3),(18,'https://picsum.photos/117',3,'2022-04-25 13:54:55',3),(19,'https://picsum.photos/118',3,'2022-04-25 13:54:55',3),(20,'https://picsum.photos/119',3,'2022-04-25 13:54:55',1),(21,'https://picsum.photos/120',3,'2022-04-25 13:54:55',2),(22,'https://picsum.photos/121',47,'2022-04-25 13:54:55',3),(23,'https://picsum.photos/122',48,'2022-04-25 13:54:55',2),(24,'https://picsum.photos/123',49,'2022-04-25 13:54:55',3),(25,'https://picsum.photos/124',50,'2022-04-25 13:54:55',2),(26,'https://picsum.photos/125',76,'2022-04-25 13:54:55',3),(27,'https://picsum.photos/126',77,'2022-04-25 13:54:55',4),(28,'https://picsum.photos/127',78,'2022-04-25 13:54:55',3),(29,'https://picsum.photos/128',79,'2022-04-25 13:54:55',1),(30,'https://picsum.photos/129',80,'2022-04-25 13:54:55',4),(31,'https://picsum.photos/130',81,'2022-04-25 13:54:55',3),(32,'https://picsum.photos/131',82,'2022-04-25 13:54:55',3),(33,'https://picsum.photos/132',83,'2022-04-25 13:54:55',1),(34,'https://picsum.photos/133',84,'2022-04-25 13:54:55',1),(35,'https://picsum.photos/134',85,'2022-04-25 13:54:55',4),(36,'https://picsum.photos/135',86,'2022-04-25 13:54:55',4),(37,'https://picsum.photos/136',3,'2022-04-25 13:54:55',1),(38,'https://picsum.photos/137',2,'2022-04-25 13:54:55',4),(39,'https://picsum.photos/138',4,'2022-04-25 13:54:55',1),(40,'https://picsum.photos/139',4,'2022-04-25 13:54:55',3),(41,'https://picsum.photos/140',91,'2022-04-25 13:54:55',3),(42,'https://picsum.photos/141',92,'2022-04-25 13:54:55',2),(43,'https://picsum.photos/142',1,'2022-04-25 13:54:55',2),(44,'https://picsum.photos/143',2,'2022-04-25 13:54:55',2),(45,'https://picsum.photos/144',2,'2022-04-25 13:54:55',3),(46,'https://picsum.photos/145',1,'2022-04-25 13:54:55',1),(47,'https://picsum.photos/146',3,'2022-04-25 13:54:55',2),(48,'https://picsum.photos/147',98,'2022-04-25 13:54:55',3),(49,'https://picsum.photos/148',99,'2022-04-25 13:54:55',3),(50,'https://picsum.photos/149',100,'2022-04-25 13:54:55',2),(56,'file:///C:/Users/tnh21/Downloads/ERDiagram.png',111,'2022-05-13 15:43:37',NULL),(57,'file:///C:/Users/tnh21/Downloads/277426553_4947675428620160_6943604179592971315_n.png',112,'2022-05-14 07:26:44',NULL),(58,'file:///C:/Users/tnh21/Downloads/ERDiagram.png',113,'2022-05-14 07:27:12',NULL),(59,'file:///C:/Users/tnh21/Downloads/ERDiagram.png',114,'2022-05-14 07:37:44',NULL),(60,'file:///C:/Users/tnh21/Downloads/277426553_4947675428620160_6943604179592971315_n.png',115,'2022-05-14 07:38:09',NULL);
/*!40000 ALTER TABLE `photos` ENABLE KEYS */;
UNLOCK TABLES;

--
-- Table structure for table `post`
--

DROP TABLE IF EXISTS `post`;
/*!40101 SET @saved_cs_client     = @@character_set_client */;
/*!50503 SET character_set_client = utf8mb4 */;
CREATE TABLE `post` (
  `post_id` int NOT NULL AUTO_INCREMENT,
  `photo_id` int DEFAULT NULL,
  `video_id` int DEFAULT NULL,
  `user_id` int NOT NULL,
  `caption` varchar(2000) DEFAULT NULL,
  `location` varchar(50) DEFAULT NULL,
  `created_at` timestamp NULL DEFAULT CURRENT_TIMESTAMP,
  PRIMARY KEY (`post_id`),
  KEY `user_id` (`user_id`),
  KEY `photo_id` (`photo_id`),
  KEY `video_id` (`video_id`),
  CONSTRAINT `post_ibfk_1` FOREIGN KEY (`user_id`) REFERENCES `users` (`user_id`),
  CONSTRAINT `post_ibfk_2` FOREIGN KEY (`photo_id`) REFERENCES `photos` (`photo_id`),
  CONSTRAINT `post_ibfk_3` FOREIGN KEY (`video_id`) REFERENCES `videos` (`video_id`)
) ENGINE=InnoDB AUTO_INCREMENT=116 DEFAULT CHARSET=utf8mb4 COLLATE=utf8mb4_0900_ai_ci;
/*!40101 SET character_set_client = @saved_cs_client */;

--
-- Dumping data for table `post`
--

LOCK TABLES `post` WRITE;
/*!40000 ALTER TABLE `post` DISABLE KEYS */;
INSERT INTO `post` VALUES (1,1,3,1,'Appreciating the days that we can enjoy taking breathtaking pictures of this beautiful earth we live in without any filter. I hope we can all join hands to save our planet. Happy Earth Day everyone ??','VHA JHA KOI AATA JAATA NI','2022-04-25 13:54:55'),(2,21,47,28,'Live a good story.','The Red Fort, Delhi.','2022-04-25 13:54:55'),(3,45,6,37,'Escape the ordinary.','The Taj Mahal, Agra.','2022-04-25 13:54:55'),(4,7,37,23,'The best is yet to come.','Pangong Lake, Ladakh.','2022-04-25 13:54:55'),(5,4,22,35,'These are days we live for.','Valley of Flowers, Nainital.','2022-04-25 13:54:55'),(6,37,18,36,'Life happens, coffee helps.','Jaisalmer Fort, Jaisalmer.','2022-04-25 13:54:55'),(7,11,12,37,'Short sassy cute & classy.','Ruins of Hampi, Karnataka.','2022-04-25 13:54:55'),(8,50,30,6,'The future is bright.','Ghats at Varanasi, Uttar Pradesh.','2022-04-25 13:54:55'),(9,15,31,7,'Namastay in bed.','Backwaters, Kerala.','2022-04-25 13:54:55'),(10,10,44,44,'I have more issues than vogue.','abhayapuri','2022-04-25 13:54:55'),(11,8,32,5,'Life is short. Smile while you still have teeth.','achabbal','2022-04-25 13:54:55'),(12,9,25,32,'Ah, a perfectly captured selfie!','achalpur','2022-04-25 13:54:55'),(13,4,13,4,'Let’s just be who we are.','achhnera','2022-04-25 13:54:55'),(14,36,12,47,'One bad chapter doesn’t me','adari','2022-04-25 13:54:55'),(15,45,40,30,'Cinderella never asked for a prince.','adalaj','2022-04-25 13:54:55'),(16,39,17,35,'A selfie is worth a thousand words.','adilabad','2022-04-25 13:54:55'),(17,7,31,9,'Born to stand out with selfies.','adityana','2022-04-25 13:54:55'),(18,17,27,13,'I’m sorry I exist, here, a selfie.','pereyaapatna','2022-04-25 13:54:55'),(19,49,48,2,'….','adoni','2022-04-25 13:54:55'),(20,44,30,20,'dfgfsggf','adoor','2022-04-25 13:54:55'),(21,18,8,11,'4545','adyar','2022-04-25 13:54:55'),(22,47,7,38,'007@','adra','2022-04-25 13:54:55'),(23,40,32,4,',,,,','afzalpura','2022-04-25 13:54:55'),(24,45,24,6,'…..','agartala','2022-04-25 13:54:55'),(25,31,27,14,';;;@','agra','2022-04-25 13:54:55'),(26,39,11,14,'.','ahiwara','2022-04-25 13:54:55'),(27,38,7,16,'…','ahmedabad','2022-04-25 13:54:55'),(28,38,14,23,'….....','ahmedgarh','2022-04-25 13:54:55'),(29,41,35,9,'…..','ahmednagar','2022-04-25 13:54:55'),(30,1,9,15,'.///','ahmedpur','2022-04-25 13:54:55'),(31,39,14,21,'???/','aizawl','2022-04-25 13:54:55'),(32,42,3,5,'//\"\"//','ajmer','2022-04-25 13:54:55'),(33,17,45,1,'Selfie on fleek.','ajra','2022-04-25 13:54:55'),(34,2,15,25,'This is how to become a heart breaker.','akaltara','2022-04-25 13:54:55'),(35,2,20,40,'No guts, no story.','akathiyoor','2022-04-25 13:54:55'),(36,24,33,26,'The selfie is the worst judge of beauty.','akhnoor','2022-04-25 13:54:55'),(37,7,15,4,'Nobody’s perfect…but I’m close.','akkalkot','2022-04-25 13:54:55'),(38,46,1,38,'Does this selfie make me look fat?','akola','2022-04-25 13:54:55'),(39,25,25,47,'Rate this selfie from 1-10.','akot','2022-04-25 13:54:55'),(40,49,6,39,'But first… let me take a selfie.','alandha','2022-04-25 13:54:55'),(41,49,45,5,'Gracing your feed with this fabulous selfie.','alandi','2022-04-25 13:54:55'),(42,21,30,47,'Mirror: “You look cute today.” Camera: “LOL, no.”','alang','2022-04-25 13:54:55'),(43,13,39,42,'Life is like a mirror, we get the best results when we smile.','alappuzha','2022-04-25 13:54:55'),(44,18,39,42,'Smile at the world, and she’ll smile back.','aldona','2022-04-25 13:54:55'),(45,35,20,3,'Keep the Smile On!','alibag','2022-04-25 13:54:55'),(46,25,24,7,'Please don’t download my Selfie, you may fall in love with me.','aligarh','2022-04-25 13:54:55'),(47,35,45,18,'Silly girls are the best.','alipurduar','2022-04-25 13:54:55'),(48,45,28,47,'I am not a selfie expert.','allahabad','2022-04-25 13:54:55'),(49,22,9,23,'Life is better when you’re smiling.','almora','2022-04-25 13:54:55'),(50,26,12,7,'I don’t take selfies all the time, just every day.','aalanavara','2022-04-25 13:54:55'),(51,46,10,43,'Be the best version of yourself.','along','2022-04-25 13:54:55'),(52,28,39,3,'Beauty begins the moment you decide to be yourself.','alur','2022-04-25 13:54:55'),(53,38,46,11,'Do more of what makes you happy.','assam','2022-04-25 13:54:55'),(54,14,20,22,'Anti-You.','jammu and kashmir','2022-04-25 13:54:55'),(55,28,17,42,'Sometimes I’m in a selfie mood.','maharashtra','2022-04-25 13:54:55'),(56,29,17,34,'I am not taking a selfie, I am just checking my camera quality.','maharashtra','2022-04-25 13:54:55'),(57,15,36,40,'Animal selfies are the best selfies.','uttar pradesh','2022-04-25 13:54:55'),(58,49,28,40,'Selfie Time!','west bengal','2022-04-25 13:54:55'),(59,36,21,20,'Simplicity is the key to brilliance.','uttar pradesh','2022-04-25 13:54:55'),(60,46,33,37,'There is beauty in simplicity.','uttarakhand','2022-04-25 13:54:55'),(61,22,16,10,'Be obsessively grateful.','karnataka','2022-04-25 13:54:55'),(62,15,37,9,'May your day feel as good as taking this perfect selfie on the first try.','arunachal pradesh','2022-04-25 13:54:55'),(63,9,43,14,'I’m not lazy, just relaxed.','maharashtra','2022-04-25 13:54:55'),(64,33,4,13,'Dinner time is selfie time.','maharashtra','2022-04-25 13:54:55'),(65,50,30,7,'I must have no selfie control.','karnataka','2022-04-25 13:54:55'),(66,4,4,20,'All-natural.','maharashtra','2022-04-25 13:54:55'),(67,13,20,17,'May your day feel as good as taking this perfect selfie on the first try.','gujarat','2022-04-25 13:54:55'),(68,44,42,12,'My favorite part about this selfie is the invisible crown.','kerala','2022-04-25 13:54:55'),(69,16,23,37,'Keep calm and take a selfie.','goa','2022-04-25 13:54:55'),(70,17,39,40,'Some call it arrogant, I call it confidence.','uttar pradesh','2022-04-25 13:54:55'),(71,10,39,29,'I woke up like this; flawless.','gujarat','2022-04-25 13:54:55'),(72,28,14,31,'“Who said I was an angel?”','andhra pradesh','2022-04-25 13:54:55'),(73,20,47,8,'Bout to make me give you a reason to be insecure.','gujarat','2022-04-25 13:54:55'),(74,13,27,37,'Dress like you’re already famous!','karnataka','2022-04-25 13:54:55'),(75,6,21,5,'You’re not fully dressed until you sparkle.','andhra pradesh','2022-04-25 13:54:55'),(76,32,21,19,'Normal is boring for me.','kerala','2022-04-25 13:54:55'),(77,40,15,19,'I am not trying to be cool, It’s what I am.','karnataka','2022-04-25 13:54:55'),(78,3,17,38,'I collect smiles, and then I give them away.','west bengal','2022-04-25 13:54:55'),(79,36,30,29,'A girl should be like a butterfly. Pretty to see, hard to catch.','karnataka','2022-04-25 13:54:55'),(80,25,14,18,'Queen of own world.','tripura','2022-04-25 13:54:55'),(81,41,2,37,'Being sexy is about attitude possessed, not a body type. It’s a state of mind.','uttar pradesh','2022-04-25 13:54:55'),(82,32,32,26,'Sexy is being confident, independent, and having fun.','chhattisgarh','2022-04-25 13:54:55'),(83,15,6,40,'If you cannot do great things, do small things in a great way.','gujarat','2022-04-25 13:54:55'),(84,8,9,29,'She turned her can’t into cans & her dreams into plans.','punjab','2022-04-25 13:54:55'),(85,19,28,27,'Coffee in one hand, Confidence in other.','maharashtra','2022-04-25 13:54:55'),(86,48,30,27,'Short hair, don’t care.','maharashtra','2022-04-25 13:54:55'),(87,40,14,16,'Be your own reason to smile.','mizoram','2022-04-25 13:54:55'),(88,22,18,14,'Seek respect, not attention.','rajasthan','2022-04-25 13:54:55'),(89,49,48,43,'I dress to impress myself.','maharashtra','2022-04-25 13:54:55'),(90,32,12,30,'A smile is the best makeup a girl can wear.','chhattisgarh','2022-04-25 13:54:55'),(91,17,23,3,'She was like a moon, a part of her always stayed hidden.','kerala','2022-04-25 13:54:55'),(92,33,8,11,'Smile with your eyes.','jammu and kashmir','2022-04-25 13:54:55'),(93,19,40,45,'Life is too short to wear boring clothes.','maharashtra','2022-04-25 13:54:55'),(94,49,27,44,'Lift up your head princess, if not the crown falls.','The Red Fort, Delhi.','2022-04-25 13:54:55'),(95,41,3,26,'Dressing well is the best revenge.','The Taj Mahal, Agra.','2022-04-25 13:54:55'),(96,22,4,47,'I don’t worry. I don’t doubt it. I’m daring. I’m a rebel.','Pangong Lake, Ladakh.','2022-04-25 13:54:55'),(97,36,34,7,'Life happens, coffee helps.','Valley of Flowers, Nainital.','2022-04-25 13:54:55'),(98,6,34,50,'You must be bold, brave, and courageous and find a way… to get in the way.','Jaisalmer Fort, Jaisalmer.','2022-04-25 13:54:55'),(99,23,1,30,'Don’t stop when you are tired. Stop when you are done!','Ruins of Hampi, Karnataka.','2022-04-25 13:54:55'),(100,31,45,36,'This is my moment I just feel so alive.','Ghats at Varanasi, Uttar Pradesh.','2022-04-25 13:54:55'),(107,NULL,NULL,1,'fad',NULL,'2022-05-13 15:07:59'),(108,NULL,NULL,1,'jg',NULL,'2022-05-13 15:09:29'),(109,NULL,NULL,1,'fdsf',NULL,'2022-05-13 15:12:59'),(110,NULL,NULL,1,'fd',NULL,'2022-05-13 15:16:50'),(111,NULL,NULL,1,'ok',NULL,'2022-05-13 15:43:37'),(112,NULL,NULL,2,'good!',NULL,'2022-05-14 07:26:44'),(113,NULL,NULL,1,'well',NULL,'2022-05-14 07:27:12'),(114,NULL,NULL,2,'Hello everyone!!',NULL,'2022-05-14 07:37:44'),(115,NULL,NULL,1,'uh',NULL,'2022-05-14 07:38:09');
/*!40000 ALTER TABLE `post` ENABLE KEYS */;
UNLOCK TABLES;

--
-- Table structure for table `post_likes`
--

DROP TABLE IF EXISTS `post_likes`;
/*!40101 SET @saved_cs_client     = @@character_set_client */;
/*!50503 SET character_set_client = utf8mb4 */;
CREATE TABLE `post_likes` (
  `user_id` int NOT NULL,
  `post_id` int NOT NULL,
  `created_at` timestamp NULL DEFAULT CURRENT_TIMESTAMP,
  PRIMARY KEY (`user_id`,`post_id`),
  KEY `post_id` (`post_id`),
  CONSTRAINT `post_likes_ibfk_1` FOREIGN KEY (`user_id`) REFERENCES `users` (`user_id`),
  CONSTRAINT `post_likes_ibfk_2` FOREIGN KEY (`post_id`) REFERENCES `post` (`post_id`)
) ENGINE=InnoDB DEFAULT CHARSET=utf8mb4 COLLATE=utf8mb4_0900_ai_ci;
/*!40101 SET character_set_client = @saved_cs_client */;

--
-- Dumping data for table `post_likes`
--

LOCK TABLES `post_likes` WRITE;
/*!40000 ALTER TABLE `post_likes` DISABLE KEYS */;
INSERT INTO `post_likes` VALUES (1,2,'2022-04-25 13:54:59'),(1,5,'2022-04-25 13:54:58'),(1,9,'2022-04-25 13:54:57'),(1,16,'2022-04-25 13:54:57'),(1,17,'2022-04-25 13:55:00'),(1,18,'2022-04-25 13:54:59'),(1,20,'2022-04-25 13:54:59'),(1,24,'2022-04-25 13:54:56'),(1,28,'2022-04-25 13:54:59'),(1,32,'2022-04-25 13:54:56'),(1,34,'2022-04-25 13:54:57'),(1,35,'2022-04-25 13:54:57'),(1,36,'2022-04-25 13:54:59'),(1,37,'2022-04-25 13:54:57'),(1,39,'2022-04-25 13:54:59'),(1,40,'2022-04-25 13:54:58'),(1,41,'2022-04-25 13:54:56'),(1,43,'2022-04-25 13:54:59'),(1,47,'2022-04-25 13:54:58'),(1,51,'2022-04-25 13:54:57'),(1,52,'2022-04-25 13:54:56'),(1,54,'2022-04-25 13:54:57'),(1,58,'2022-04-25 13:54:59'),(1,61,'2022-04-25 13:54:59'),(1,63,'2022-04-25 13:54:58'),(1,64,'2022-04-25 13:54:58'),(1,65,'2022-04-25 13:54:56'),(1,66,'2022-04-25 13:54:59'),(1,67,'2022-04-25 13:54:58'),(1,70,'2022-04-25 13:54:57'),(1,71,'2022-04-25 13:54:57'),(1,78,'2022-04-25 13:54:58'),(1,85,'2022-04-25 13:54:57'),(1,89,'2022-04-25 13:55:00'),(1,91,'2022-05-10 04:04:04'),(1,94,'2022-04-25 13:54:59'),(1,97,'2022-04-25 13:54:58'),(1,98,'2022-04-25 13:54:59'),(1,111,'2022-05-14 07:25:08'),(1,115,'2022-05-14 07:38:24'),(2,1,'2022-05-14 06:56:07'),(2,3,'2022-04-25 13:54:58'),(2,5,'2022-04-25 13:54:59'),(2,7,'2022-04-25 13:54:59'),(2,9,'2022-04-25 13:55:00'),(2,10,'2022-04-25 13:54:57'),(2,12,'2022-04-25 13:54:56'),(2,15,'2022-04-25 13:54:57'),(2,18,'2022-04-25 13:55:00'),(2,19,'2022-04-25 13:54:59'),(2,25,'2022-04-25 13:54:56'),(2,27,'2022-04-25 13:54:58'),(2,28,'2022-04-25 13:54:59'),(2,29,'2022-04-25 13:54:57'),(2,31,'2022-04-25 13:54:59'),(2,36,'2022-04-25 13:54:57'),(2,38,'2022-04-25 13:55:00'),(2,39,'2022-04-25 13:54:58'),(2,40,'2022-04-25 13:54:59'),(2,42,'2022-04-25 13:55:00'),(2,44,'2022-04-25 13:55:00'),(2,46,'2022-04-25 13:54:57'),(2,48,'2022-04-25 13:54:58'),(2,50,'2022-04-25 13:54:57'),(2,51,'2022-04-25 13:55:00'),(2,52,'2022-04-25 13:54:57'),(2,54,'2022-04-25 13:54:58'),(2,57,'2022-04-25 13:54:58'),(2,58,'2022-04-25 13:54:59'),(2,60,'2022-04-25 13:54:56'),(2,63,'2022-04-25 13:54:59'),(2,64,'2022-04-25 13:55:00'),(2,65,'2022-04-25 13:54:59'),(2,71,'2022-04-25 13:54:58'),(2,73,'2022-04-25 13:55:00'),(2,78,'2022-04-25 13:55:00'),(2,80,'2022-04-25 13:55:00'),(2,81,'2022-04-25 13:54:57'),(2,83,'2022-04-25 13:54:58'),(2,84,'2022-04-25 13:55:00'),(2,85,'2022-04-25 13:54:56'),(2,86,'2022-04-25 13:54:59'),(2,88,'2022-04-25 13:54:56'),(2,93,'2022-04-25 13:54:59'),(2,94,'2022-04-25 13:54:56'),(2,96,'2022-04-25 13:54:57'),(2,99,'2022-04-25 13:54:58'),(2,113,'2022-05-14 07:36:07'),(2,115,'2022-05-14 07:38:16'),(3,1,'2022-04-25 13:54:58'),(3,3,'2022-04-25 13:54:58'),(3,4,'2022-04-25 13:54:59'),(3,6,'2022-04-25 13:54:58'),(3,8,'2022-04-25 13:54:56'),(3,9,'2022-04-25 13:54:58'),(3,10,'2022-04-25 13:54:57'),(3,12,'2022-04-25 13:54:58'),(3,16,'2022-04-25 13:54:58'),(3,18,'2022-04-25 13:54:59'),(3,23,'2022-04-25 13:54:56'),(3,30,'2022-04-25 13:54:59'),(3,34,'2022-04-25 13:54:57'),(3,38,'2022-04-25 13:54:56'),(3,46,'2022-04-25 13:54:58'),(3,52,'2022-04-25 13:54:57'),(3,54,'2022-04-25 13:54:57'),(3,56,'2022-04-25 13:54:56'),(3,59,'2022-04-25 13:54:56'),(3,63,'2022-04-25 13:54:59'),(3,64,'2022-04-25 13:54:58'),(3,65,'2022-04-25 13:54:59'),(3,70,'2022-04-25 13:55:00'),(3,73,'2022-04-25 13:54:58'),(3,74,'2022-04-25 13:55:00'),(3,76,'2022-04-25 13:54:57'),(3,78,'2022-04-25 13:54:58'),(3,80,'2022-04-25 13:55:00'),(3,81,'2022-04-25 13:54:59'),(3,82,'2022-04-25 13:54:56'),(3,85,'2022-04-25 13:55:00'),(3,90,'2022-04-25 13:54:57'),(3,95,'2022-04-25 13:54:56'),(3,96,'2022-04-25 13:54:58'),(3,99,'2022-04-25 13:55:00'),(4,2,'2022-04-25 13:54:56'),(4,3,'2022-04-25 13:55:00'),(4,6,'2022-04-25 13:54:56'),(4,8,'2022-04-25 13:55:00'),(4,9,'2022-04-25 13:54:56'),(4,10,'2022-04-25 13:55:00'),(4,13,'2022-04-25 13:54:59'),(4,15,'2022-04-25 13:54:58'),(4,17,'2022-04-25 13:54:58'),(4,18,'2022-04-25 13:55:00'),(4,19,'2022-04-25 13:54:59'),(4,21,'2022-04-25 13:54:57'),(4,24,'2022-04-25 13:54:56'),(4,27,'2022-04-25 13:54:56'),(4,30,'2022-04-25 13:54:59'),(4,31,'2022-04-25 13:54:59'),(4,33,'2022-04-25 13:55:00'),(4,37,'2022-04-25 13:54:58'),(4,42,'2022-04-25 13:54:59'),(4,43,'2022-04-25 13:55:00'),(4,44,'2022-04-25 13:54:58'),(4,47,'2022-04-25 13:54:59'),(4,48,'2022-04-25 13:55:00'),(4,52,'2022-04-25 13:54:57'),(4,56,'2022-04-25 13:54:56'),(4,62,'2022-04-25 13:54:58'),(4,68,'2022-04-25 13:54:58'),(4,71,'2022-04-25 13:55:00'),(4,83,'2022-04-25 13:54:57'),(4,84,'2022-04-25 13:54:56'),(4,87,'2022-04-25 13:54:57'),(4,90,'2022-04-25 13:54:56'),(4,91,'2022-04-25 13:55:00'),(4,93,'2022-04-25 13:54:57'),(4,98,'2022-04-25 13:54:56'),(4,100,'2022-04-25 13:54:57'),(5,1,'2022-04-25 13:54:57'),(5,4,'2022-04-25 13:54:59'),(5,11,'2022-04-25 13:55:00'),(5,12,'2022-04-25 13:54:59'),(5,15,'2022-04-25 13:54:58'),(5,24,'2022-04-25 13:54:59'),(5,28,'2022-04-25 13:54:58'),(5,29,'2022-04-25 13:54:59'),(5,31,'2022-04-25 13:54:59'),(5,34,'2022-04-25 13:54:58'),(5,39,'2022-04-25 13:54:57'),(5,40,'2022-04-25 13:54:58'),(5,42,'2022-04-25 13:54:57'),(5,43,'2022-04-25 13:54:57'),(5,45,'2022-04-25 13:54:57'),(5,58,'2022-04-25 13:54:59'),(5,59,'2022-04-25 13:54:56'),(5,62,'2022-04-25 13:54:56'),(5,65,'2022-04-25 13:54:57'),(5,66,'2022-04-25 13:54:58'),(5,67,'2022-04-25 13:54:56'),(5,70,'2022-04-25 13:54:56'),(5,79,'2022-04-25 13:55:00'),(5,82,'2022-04-25 13:54:57'),(5,87,'2022-04-25 13:54:57'),(5,90,'2022-04-25 13:54:56'),(5,91,'2022-04-25 13:54:58'),(5,92,'2022-04-25 13:55:00'),(5,96,'2022-04-25 13:54:57'),(5,97,'2022-04-25 13:54:56'),(5,99,'2022-04-25 13:55:00'),(6,1,'2022-04-25 13:54:56'),(6,11,'2022-04-25 13:54:56'),(6,12,'2022-04-25 13:54:58'),(6,19,'2022-04-25 13:54:58'),(6,29,'2022-04-25 13:54:58'),(6,30,'2022-04-25 13:54:57'),(6,32,'2022-04-25 13:54:56'),(6,36,'2022-04-25 13:54:59'),(6,40,'2022-04-25 13:54:56'),(6,41,'2022-04-25 13:54:58'),(6,49,'2022-04-25 13:54:59'),(6,52,'2022-04-25 13:54:58'),(6,55,'2022-04-25 13:54:57'),(6,57,'2022-04-25 13:54:58'),(6,62,'2022-04-25 13:54:56'),(6,64,'2022-04-25 13:54:59'),(6,68,'2022-04-25 13:54:58'),(6,69,'2022-04-25 13:54:56'),(6,71,'2022-04-25 13:54:59'),(6,74,'2022-04-25 13:54:57'),(6,75,'2022-04-25 13:55:00'),(6,76,'2022-04-25 13:54:56'),(6,78,'2022-04-25 13:54:58'),(6,83,'2022-04-25 13:54:58'),(6,85,'2022-04-25 13:54:58'),(6,88,'2022-04-25 13:54:57'),(6,95,'2022-04-25 13:54:59'),(6,97,'2022-04-25 13:54:58'),(6,98,'2022-04-25 13:55:00'),(6,99,'2022-04-25 13:54:58'),(6,100,'2022-04-25 13:54:59'),(7,2,'2022-04-25 13:54:57'),(7,5,'2022-04-25 13:54:58'),(7,8,'2022-04-25 13:54:59'),(7,11,'2022-04-25 13:55:00'),(7,16,'2022-04-25 13:54:59'),(7,17,'2022-04-25 13:54:59'),(7,19,'2022-04-25 13:54:57'),(7,21,'2022-04-25 13:54:58'),(7,22,'2022-04-25 13:55:00'),(7,24,'2022-04-25 13:54:56'),(7,30,'2022-04-25 13:55:00'),(7,31,'2022-04-25 13:54:57'),(7,33,'2022-04-25 13:54:56'),(7,35,'2022-04-25 13:54:57'),(7,40,'2022-04-25 13:54:57'),(7,42,'2022-04-25 13:54:57'),(7,44,'2022-04-25 13:54:56'),(7,45,'2022-04-25 13:54:56'),(7,47,'2022-04-25 13:55:00'),(7,48,'2022-04-25 13:55:00'),(7,50,'2022-04-25 13:54:59'),(7,54,'2022-04-25 13:55:00'),(7,56,'2022-04-25 13:54:59'),(7,60,'2022-04-25 13:54:56'),(7,61,'2022-04-25 13:54:57'),(7,62,'2022-04-25 13:54:56'),(7,65,'2022-04-25 13:54:58'),(7,66,'2022-04-25 13:54:57'),(7,67,'2022-04-25 13:54:59'),(7,69,'2022-04-25 13:54:59'),(7,72,'2022-04-25 13:54:56'),(7,74,'2022-04-25 13:54:56'),(7,75,'2022-04-25 13:54:59'),(7,76,'2022-04-25 13:54:58'),(7,78,'2022-04-25 13:54:57'),(7,80,'2022-04-25 13:54:58'),(7,81,'2022-04-25 13:54:57'),(7,84,'2022-04-25 13:54:59'),(7,90,'2022-04-25 13:54:58'),(7,94,'2022-04-25 13:54:57'),(7,98,'2022-04-25 13:54:58'),(7,99,'2022-04-25 13:54:58'),(7,100,'2022-04-25 13:55:00'),(8,6,'2022-04-25 13:55:00'),(8,7,'2022-04-25 13:54:57'),(8,10,'2022-04-25 13:54:58'),(8,14,'2022-04-25 13:54:57'),(8,18,'2022-04-25 13:54:57'),(8,19,'2022-04-25 13:54:59'),(8,21,'2022-04-25 13:55:00'),(8,22,'2022-04-25 13:54:57'),(8,29,'2022-04-25 13:54:59'),(8,30,'2022-04-25 13:55:00'),(8,33,'2022-04-25 13:54:58'),(8,35,'2022-04-25 13:54:58'),(8,37,'2022-04-25 13:55:00'),(8,39,'2022-04-25 13:54:58'),(8,41,'2022-04-25 13:55:00'),(8,42,'2022-04-25 13:54:58'),(8,45,'2022-04-25 13:54:59'),(8,49,'2022-04-25 13:54:57'),(8,54,'2022-04-25 13:54:56'),(8,55,'2022-04-25 13:54:58'),(8,58,'2022-04-25 13:54:57'),(8,59,'2022-04-25 13:54:58'),(8,61,'2022-04-25 13:54:57'),(8,63,'2022-04-25 13:54:58'),(8,67,'2022-04-25 13:54:57'),(8,76,'2022-04-25 13:54:58'),(8,77,'2022-04-25 13:54:56'),(8,78,'2022-04-25 13:54:56'),(8,80,'2022-04-25 13:54:57'),(8,82,'2022-04-25 13:54:57'),(8,85,'2022-04-25 13:54:58'),(8,86,'2022-04-25 13:55:00'),(8,87,'2022-04-25 13:54:57'),(8,88,'2022-04-25 13:54:57'),(8,93,'2022-04-25 13:55:00'),(8,97,'2022-04-25 13:55:00'),(8,98,'2022-04-25 13:55:00'),(9,2,'2022-04-25 13:54:57'),(9,3,'2022-04-25 13:54:56'),(9,7,'2022-04-25 13:54:57'),(9,8,'2022-04-25 13:54:57'),(9,10,'2022-04-25 13:54:59'),(9,11,'2022-04-25 13:54:56'),(9,17,'2022-04-25 13:54:59'),(9,21,'2022-04-25 13:54:59'),(9,22,'2022-04-25 13:55:00'),(9,27,'2022-04-25 13:55:00'),(9,29,'2022-04-25 13:55:00'),(9,34,'2022-04-25 13:54:59'),(9,37,'2022-04-25 13:54:59'),(9,40,'2022-04-25 13:55:00'),(9,41,'2022-04-25 13:54:57'),(9,43,'2022-04-25 13:55:00'),(9,45,'2022-04-25 13:55:00'),(9,49,'2022-04-25 13:54:57'),(9,52,'2022-04-25 13:55:00'),(9,53,'2022-04-25 13:54:56'),(9,55,'2022-04-25 13:54:56'),(9,58,'2022-04-25 13:54:59'),(9,60,'2022-04-25 13:54:57'),(9,64,'2022-04-25 13:54:58'),(9,66,'2022-04-25 13:54:58'),(9,70,'2022-04-25 13:55:00'),(9,71,'2022-04-25 13:54:59'),(9,72,'2022-04-25 13:54:57'),(9,73,'2022-04-25 13:54:58'),(9,74,'2022-04-25 13:54:56'),(9,76,'2022-04-25 13:54:58'),(9,79,'2022-04-25 13:54:58'),(9,80,'2022-04-25 13:54:58'),(9,88,'2022-04-25 13:54:57'),(9,91,'2022-04-25 13:54:58'),(9,98,'2022-04-25 13:54:59'),(10,5,'2022-04-25 13:54:59'),(10,9,'2022-04-25 13:54:56'),(10,10,'2022-04-25 13:54:56'),(10,11,'2022-04-25 13:54:58'),(10,14,'2022-04-25 13:55:00'),(10,15,'2022-04-25 13:54:59'),(10,19,'2022-04-25 13:54:59'),(10,20,'2022-04-25 13:54:59'),(10,23,'2022-04-25 13:55:00'),(10,25,'2022-04-25 13:54:56'),(10,27,'2022-04-25 13:54:59'),(10,28,'2022-04-25 13:55:00'),(10,36,'2022-04-25 13:54:59'),(10,37,'2022-04-25 13:54:59'),(10,38,'2022-04-25 13:54:59'),(10,40,'2022-04-25 13:54:59'),(10,48,'2022-04-25 13:54:59'),(10,52,'2022-04-25 13:54:57'),(10,61,'2022-04-25 13:54:56'),(10,71,'2022-04-25 13:54:58'),(10,72,'2022-04-25 13:54:58'),(10,74,'2022-04-25 13:54:59'),(10,76,'2022-04-25 13:54:57'),(10,78,'2022-04-25 13:55:00'),(10,79,'2022-04-25 13:54:56'),(10,83,'2022-04-25 13:54:57'),(11,1,'2022-04-25 13:54:57'),(11,2,'2022-04-25 13:54:56'),(11,5,'2022-04-25 13:54:58'),(11,6,'2022-04-25 13:54:59'),(11,8,'2022-04-25 13:54:59'),(11,9,'2022-04-25 13:54:58'),(11,10,'2022-04-25 13:54:59'),(11,12,'2022-04-25 13:54:58'),(11,18,'2022-04-25 13:54:57'),(11,21,'2022-04-25 13:54:57'),(11,24,'2022-04-25 13:54:57'),(11,27,'2022-04-25 13:54:57'),(11,28,'2022-04-25 13:55:00'),(11,29,'2022-04-25 13:54:59'),(11,33,'2022-04-25 13:55:00'),(11,35,'2022-04-25 13:54:58'),(11,36,'2022-04-25 13:54:58'),(11,38,'2022-04-25 13:54:58'),(11,43,'2022-04-25 13:55:00'),(11,44,'2022-04-25 13:54:57'),(11,46,'2022-04-25 13:55:00'),(11,50,'2022-04-25 13:55:00'),(11,53,'2022-04-25 13:55:00'),(11,55,'2022-04-25 13:55:00'),(11,67,'2022-04-25 13:54:58'),(11,72,'2022-04-25 13:54:56'),(11,74,'2022-04-25 13:54:58'),(11,75,'2022-04-25 13:54:56'),(11,76,'2022-04-25 13:54:58'),(11,81,'2022-04-25 13:55:00'),(11,82,'2022-04-25 13:54:58'),(11,83,'2022-04-25 13:55:00'),(11,84,'2022-04-25 13:54:57'),(11,85,'2022-04-25 13:54:56'),(11,86,'2022-04-25 13:54:56'),(11,90,'2022-04-25 13:55:00'),(11,93,'2022-04-25 13:54:59'),(11,94,'2022-04-25 13:54:59'),(11,95,'2022-04-25 13:54:58'),(11,96,'2022-04-25 13:54:57'),(11,97,'2022-04-25 13:54:56'),(11,98,'2022-04-25 13:54:58'),(11,100,'2022-04-25 13:54:57'),(12,3,'2022-04-25 13:55:00'),(12,5,'2022-04-25 13:54:59'),(12,7,'2022-04-25 13:55:00'),(12,10,'2022-04-25 13:54:59'),(12,13,'2022-04-25 13:54:57'),(12,16,'2022-04-25 13:54:57'),(12,17,'2022-04-25 13:54:58'),(12,27,'2022-04-25 13:54:57'),(12,30,'2022-04-25 13:54:59'),(12,31,'2022-04-25 13:54:57'),(12,35,'2022-04-25 13:54:59'),(12,36,'2022-04-25 13:54:56'),(12,38,'2022-04-25 13:54:57'),(12,39,'2022-04-25 13:54:57'),(12,41,'2022-04-25 13:54:56'),(12,42,'2022-04-25 13:54:58'),(12,46,'2022-04-25 13:54:57'),(12,47,'2022-04-25 13:54:58'),(12,52,'2022-04-25 13:54:56'),(12,57,'2022-04-25 13:54:57'),(12,58,'2022-04-25 13:54:59'),(12,66,'2022-04-25 13:54:59'),(12,67,'2022-04-25 13:54:58'),(12,68,'2022-04-25 13:54:58'),(12,69,'2022-04-25 13:54:59'),(12,73,'2022-04-25 13:54:57'),(12,75,'2022-04-25 13:54:59'),(12,76,'2022-04-25 13:54:59'),(12,77,'2022-04-25 13:55:00'),(12,78,'2022-04-25 13:55:00'),(12,79,'2022-04-25 13:54:57'),(12,80,'2022-04-25 13:54:58'),(12,82,'2022-04-25 13:54:57'),(12,83,'2022-04-25 13:54:59'),(12,86,'2022-04-25 13:54:59'),(12,88,'2022-04-25 13:54:57'),(12,89,'2022-04-25 13:54:59'),(12,94,'2022-04-25 13:55:00'),(12,99,'2022-04-25 13:54:59'),(13,2,'2022-04-25 13:54:56'),(13,3,'2022-04-25 13:54:59'),(13,5,'2022-04-25 13:54:58'),(13,10,'2022-04-25 13:55:00'),(13,15,'2022-04-25 13:54:59'),(13,17,'2022-04-25 13:54:56'),(13,19,'2022-04-25 13:54:57'),(13,22,'2022-04-25 13:54:56'),(13,23,'2022-04-25 13:54:59'),(13,28,'2022-04-25 13:54:56'),(13,32,'2022-04-25 13:55:00'),(13,33,'2022-04-25 13:54:57'),(13,38,'2022-04-25 13:54:59'),(13,46,'2022-04-25 13:54:59'),(13,48,'2022-04-25 13:54:57'),(13,51,'2022-04-25 13:54:56'),(13,52,'2022-04-25 13:54:57'),(13,53,'2022-04-25 13:55:00'),(13,58,'2022-04-25 13:54:58'),(13,59,'2022-04-25 13:55:00'),(13,62,'2022-04-25 13:54:59'),(13,63,'2022-04-25 13:54:57'),(13,68,'2022-04-25 13:54:57'),(13,69,'2022-04-25 13:54:59'),(13,74,'2022-04-25 13:54:57'),(13,76,'2022-04-25 13:55:00'),(13,80,'2022-04-25 13:54:57'),(13,82,'2022-04-25 13:54:57'),(13,83,'2022-04-25 13:54:59'),(13,84,'2022-04-25 13:54:59'),(13,86,'2022-04-25 13:54:58'),(13,87,'2022-04-25 13:54:56'),(13,89,'2022-04-25 13:54:58'),(13,91,'2022-04-25 13:54:59'),(13,95,'2022-04-25 13:54:57'),(13,98,'2022-04-25 13:55:00'),(13,100,'2022-04-25 13:54:59'),(14,3,'2022-04-25 13:54:58'),(14,6,'2022-04-25 13:54:56'),(14,8,'2022-04-25 13:54:57'),(14,14,'2022-04-25 13:54:58'),(14,15,'2022-04-25 13:54:57'),(14,16,'2022-04-25 13:55:00'),(14,18,'2022-04-25 13:55:00'),(14,19,'2022-04-25 13:54:57'),(14,21,'2022-04-25 13:54:57'),(14,23,'2022-04-25 13:54:57'),(14,25,'2022-04-25 13:54:57'),(14,28,'2022-04-25 13:54:56'),(14,29,'2022-04-25 13:55:00'),(14,30,'2022-04-25 13:54:58'),(14,31,'2022-04-25 13:54:57'),(14,35,'2022-04-25 13:54:58'),(14,42,'2022-04-25 13:54:57'),(14,46,'2022-04-25 13:54:58'),(14,48,'2022-04-25 13:54:56'),(14,49,'2022-04-25 13:54:56'),(14,50,'2022-04-25 13:54:59'),(14,53,'2022-04-25 13:54:57'),(14,54,'2022-04-25 13:54:57'),(14,55,'2022-04-25 13:55:00'),(14,62,'2022-04-25 13:54:59'),(14,72,'2022-04-25 13:54:59'),(14,79,'2022-04-25 13:55:00'),(14,81,'2022-04-25 13:54:58'),(14,84,'2022-04-25 13:55:00'),(14,85,'2022-04-25 13:55:00'),(14,86,'2022-04-25 13:55:00'),(14,87,'2022-04-25 13:54:59'),(14,88,'2022-04-25 13:54:58'),(14,91,'2022-04-25 13:54:57'),(14,93,'2022-04-25 13:55:00'),(14,94,'2022-04-25 13:54:58'),(14,95,'2022-04-25 13:54:57'),(14,100,'2022-04-25 13:54:58'),(15,3,'2022-04-25 13:54:58'),(15,4,'2022-04-25 13:54:57'),(15,7,'2022-04-25 13:54:56'),(15,12,'2022-04-25 13:54:59'),(15,14,'2022-04-25 13:55:00'),(15,16,'2022-04-25 13:55:00'),(15,19,'2022-04-25 13:54:58'),(15,20,'2022-04-25 13:54:58'),(15,22,'2022-04-25 13:54:56'),(15,23,'2022-04-25 13:54:58'),(15,24,'2022-04-25 13:54:58'),(15,25,'2022-04-25 13:55:00'),(15,28,'2022-04-25 13:54:57'),(15,29,'2022-04-25 13:54:57'),(15,30,'2022-04-25 13:54:56'),(15,41,'2022-04-25 13:54:57'),(15,42,'2022-04-25 13:54:58'),(15,44,'2022-04-25 13:54:58'),(15,45,'2022-04-25 13:54:59'),(15,48,'2022-04-25 13:54:56'),(15,50,'2022-04-25 13:54:58'),(15,54,'2022-04-25 13:54:59'),(15,55,'2022-04-25 13:54:58'),(15,58,'2022-04-25 13:54:58'),(15,59,'2022-04-25 13:55:00'),(15,60,'2022-04-25 13:54:58'),(15,62,'2022-04-25 13:54:56'),(15,68,'2022-04-25 13:54:56'),(15,69,'2022-04-25 13:54:59'),(15,72,'2022-04-25 13:54:59'),(15,75,'2022-04-25 13:54:56'),(15,76,'2022-04-25 13:54:57'),(15,77,'2022-04-25 13:54:56'),(15,88,'2022-04-25 13:54:59'),(15,89,'2022-04-25 13:54:58'),(15,90,'2022-04-25 13:54:59'),(15,92,'2022-04-25 13:54:57'),(15,95,'2022-04-25 13:54:57'),(15,96,'2022-04-25 13:55:00'),(15,97,'2022-04-25 13:54:57'),(15,99,'2022-04-25 13:54:58'),(16,2,'2022-04-25 13:54:56'),(16,4,'2022-04-25 13:54:59'),(16,5,'2022-04-25 13:54:58'),(16,9,'2022-04-25 13:54:56'),(16,12,'2022-04-25 13:54:57'),(16,13,'2022-04-25 13:54:58'),(16,17,'2022-04-25 13:54:58'),(16,22,'2022-04-25 13:54:57'),(16,23,'2022-04-25 13:54:56'),(16,24,'2022-04-25 13:54:58'),(16,26,'2022-04-25 13:54:58'),(16,27,'2022-04-25 13:54:56'),(16,30,'2022-04-25 13:54:56'),(16,31,'2022-04-25 13:55:00'),(16,32,'2022-04-25 13:54:56'),(16,38,'2022-04-25 13:54:58'),(16,39,'2022-04-25 13:54:58'),(16,40,'2022-04-25 13:54:57'),(16,45,'2022-04-25 13:54:58'),(16,47,'2022-04-25 13:54:59'),(16,48,'2022-04-25 13:54:57'),(16,49,'2022-04-25 13:55:00'),(16,51,'2022-04-25 13:54:57'),(16,60,'2022-04-25 13:54:59'),(16,61,'2022-04-25 13:55:00'),(16,64,'2022-04-25 13:54:58'),(16,66,'2022-04-25 13:54:58'),(16,67,'2022-04-25 13:55:00'),(16,71,'2022-04-25 13:54:56'),(16,78,'2022-04-25 13:54:58'),(16,80,'2022-04-25 13:54:59'),(16,86,'2022-04-25 13:55:00'),(16,87,'2022-04-25 13:54:58'),(16,91,'2022-04-25 13:54:58'),(16,95,'2022-04-25 13:54:58'),(16,96,'2022-04-25 13:54:59'),(16,99,'2022-04-25 13:55:00'),(17,2,'2022-04-25 13:54:57'),(17,4,'2022-04-25 13:54:58'),(17,5,'2022-04-25 13:54:58'),(17,7,'2022-04-25 13:54:56'),(17,9,'2022-04-25 13:54:57'),(17,13,'2022-04-25 13:54:59'),(17,15,'2022-04-25 13:54:58'),(17,16,'2022-04-25 13:54:56'),(17,17,'2022-04-25 13:54:57'),(17,22,'2022-04-25 13:54:59'),(17,24,'2022-04-25 13:54:57'),(17,25,'2022-04-25 13:54:59'),(17,32,'2022-04-25 13:54:59'),(17,33,'2022-04-25 13:54:58'),(17,43,'2022-04-25 13:54:57'),(17,45,'2022-04-25 13:55:00'),(17,49,'2022-04-25 13:54:58'),(17,51,'2022-04-25 13:54:59'),(17,52,'2022-04-25 13:54:57'),(17,55,'2022-04-25 13:55:00'),(17,58,'2022-04-25 13:55:00'),(17,60,'2022-04-25 13:54:59'),(17,67,'2022-04-25 13:54:56'),(17,73,'2022-04-25 13:54:56'),(17,76,'2022-04-25 13:54:57'),(17,78,'2022-04-25 13:54:58'),(17,81,'2022-04-25 13:54:56'),(17,83,'2022-04-25 13:55:00'),(17,85,'2022-04-25 13:54:59'),(17,91,'2022-04-25 13:54:58'),(17,94,'2022-04-25 13:55:00'),(17,95,'2022-04-25 13:54:59'),(18,7,'2022-04-25 13:54:58'),(18,9,'2022-04-25 13:54:56'),(18,11,'2022-04-25 13:54:56'),(18,13,'2022-04-25 13:54:56'),(18,19,'2022-04-25 13:54:56'),(18,23,'2022-04-25 13:55:00'),(18,28,'2022-04-25 13:54:57'),(18,30,'2022-04-25 13:54:58'),(18,32,'2022-04-25 13:54:59'),(18,34,'2022-04-25 13:54:56'),(18,43,'2022-04-25 13:54:57'),(18,48,'2022-04-25 13:54:58'),(18,50,'2022-04-25 13:54:57'),(18,54,'2022-04-25 13:54:56'),(18,58,'2022-04-25 13:54:57'),(18,60,'2022-04-25 13:54:58'),(18,62,'2022-04-25 13:55:00'),(18,65,'2022-04-25 13:54:57'),(18,68,'2022-04-25 13:54:59'),(18,70,'2022-04-25 13:54:57'),(18,74,'2022-04-25 13:54:58'),(18,77,'2022-04-25 13:54:58'),(18,81,'2022-04-25 13:54:59'),(18,85,'2022-04-25 13:54:59'),(18,86,'2022-04-25 13:54:57'),(18,88,'2022-04-25 13:54:56'),(18,95,'2022-04-25 13:54:58'),(18,97,'2022-04-25 13:54:56'),(18,99,'2022-04-25 13:54:59'),(19,2,'2022-04-25 13:54:56'),(19,4,'2022-04-25 13:54:58'),(19,8,'2022-04-25 13:54:58'),(19,9,'2022-04-25 13:54:57'),(19,10,'2022-04-25 13:54:58'),(19,11,'2022-04-25 13:54:59'),(19,12,'2022-04-25 13:55:00'),(19,15,'2022-04-25 13:54:56'),(19,16,'2022-04-25 13:54:57'),(19,17,'2022-04-25 13:55:00'),(19,18,'2022-04-25 13:55:00'),(19,23,'2022-04-25 13:54:56'),(19,28,'2022-04-25 13:54:59'),(19,34,'2022-04-25 13:54:59'),(19,35,'2022-04-25 13:54:56'),(19,40,'2022-04-25 13:54:57'),(19,42,'2022-04-25 13:54:58'),(19,43,'2022-04-25 13:55:00'),(19,44,'2022-04-25 13:54:59'),(19,47,'2022-04-25 13:54:56'),(19,50,'2022-04-25 13:54:56'),(19,52,'2022-04-25 13:55:00'),(19,53,'2022-04-25 13:54:57'),(19,55,'2022-04-25 13:54:59'),(19,58,'2022-04-25 13:55:00'),(19,61,'2022-04-25 13:54:57'),(19,63,'2022-04-25 13:54:59'),(19,65,'2022-04-25 13:54:57'),(19,69,'2022-04-25 13:54:59'),(19,70,'2022-04-25 13:54:58'),(19,71,'2022-04-25 13:54:59'),(19,73,'2022-04-25 13:54:59'),(19,75,'2022-04-25 13:54:59'),(19,76,'2022-04-25 13:54:59'),(19,80,'2022-04-25 13:55:00'),(19,84,'2022-04-25 13:54:57'),(19,85,'2022-04-25 13:54:59'),(19,86,'2022-04-25 13:54:57'),(19,89,'2022-04-25 13:54:57'),(19,94,'2022-04-25 13:55:00'),(19,96,'2022-04-25 13:54:58'),(19,97,'2022-04-25 13:54:57'),(19,100,'2022-04-25 13:54:57'),(20,1,'2022-04-25 13:54:59'),(20,10,'2022-04-25 13:54:57'),(20,12,'2022-04-25 13:54:59'),(20,13,'2022-04-25 13:54:56'),(20,14,'2022-04-25 13:54:59'),(20,15,'2022-04-25 13:54:57'),(20,19,'2022-04-25 13:54:59'),(20,20,'2022-04-25 13:54:59'),(20,21,'2022-04-25 13:55:00'),(20,22,'2022-04-25 13:54:56'),(20,23,'2022-04-25 13:54:56'),(20,25,'2022-04-25 13:54:56'),(20,27,'2022-04-25 13:54:58'),(20,28,'2022-04-25 13:54:59'),(20,33,'2022-04-25 13:54:56'),(20,35,'2022-04-25 13:55:00'),(20,37,'2022-04-25 13:54:57'),(20,42,'2022-04-25 13:54:59'),(20,45,'2022-04-25 13:54:58'),(20,47,'2022-04-25 13:54:58'),(20,48,'2022-04-25 13:54:57'),(20,56,'2022-04-25 13:54:59'),(20,59,'2022-04-25 13:54:57'),(20,61,'2022-04-25 13:54:59'),(20,65,'2022-04-25 13:54:56'),(20,69,'2022-04-25 13:54:59'),(20,72,'2022-04-25 13:54:59'),(20,74,'2022-04-25 13:54:56'),(20,75,'2022-04-25 13:54:57'),(20,97,'2022-04-25 13:54:58'),(20,99,'2022-04-25 13:54:59'),(21,1,'2022-04-25 13:54:56'),(21,8,'2022-04-25 13:55:00'),(21,11,'2022-04-25 13:54:57'),(21,12,'2022-04-25 13:55:00'),(21,14,'2022-04-25 13:54:57'),(21,18,'2022-04-25 13:54:59'),(21,22,'2022-04-25 13:54:58'),(21,23,'2022-04-25 13:54:56'),(21,25,'2022-04-25 13:54:56'),(21,28,'2022-04-25 13:54:56'),(21,29,'2022-04-25 13:54:58'),(21,36,'2022-04-25 13:54:57'),(21,37,'2022-04-25 13:54:57'),(21,40,'2022-04-25 13:54:56'),(21,41,'2022-04-25 13:55:00'),(21,44,'2022-04-25 13:54:58'),(21,55,'2022-04-25 13:54:57'),(21,59,'2022-04-25 13:54:56'),(21,61,'2022-04-25 13:54:59'),(21,63,'2022-04-25 13:54:57'),(21,72,'2022-04-25 13:54:58'),(21,74,'2022-04-25 13:54:57'),(21,75,'2022-04-25 13:54:59'),(21,79,'2022-04-25 13:54:57'),(21,80,'2022-04-25 13:55:00'),(21,81,'2022-04-25 13:55:00'),(21,83,'2022-04-25 13:54:56'),(21,84,'2022-04-25 13:55:00'),(21,86,'2022-04-25 13:54:58'),(21,93,'2022-04-25 13:54:59'),(21,94,'2022-04-25 13:54:58'),(22,1,'2022-04-25 13:54:56'),(22,5,'2022-04-25 13:54:59'),(22,11,'2022-04-25 13:54:56'),(22,14,'2022-04-25 13:54:59'),(22,15,'2022-04-25 13:54:57'),(22,16,'2022-04-25 13:55:00'),(22,20,'2022-04-25 13:54:57'),(22,21,'2022-04-25 13:54:58'),(22,25,'2022-04-25 13:55:00'),(22,33,'2022-04-25 13:54:59'),(22,34,'2022-04-25 13:54:57'),(22,35,'2022-04-25 13:54:56'),(22,37,'2022-04-25 13:54:56'),(22,43,'2022-04-25 13:54:58'),(22,49,'2022-04-25 13:54:57'),(22,53,'2022-04-25 13:54:57'),(22,54,'2022-04-25 13:54:59'),(22,58,'2022-04-25 13:54:59'),(22,62,'2022-04-25 13:54:57'),(22,65,'2022-04-25 13:54:58'),(22,69,'2022-04-25 13:54:57'),(22,74,'2022-04-25 13:54:59'),(22,77,'2022-04-25 13:55:00'),(22,79,'2022-04-25 13:54:59'),(22,81,'2022-04-25 13:54:57'),(22,83,'2022-04-25 13:54:59'),(22,84,'2022-04-25 13:54:59'),(22,87,'2022-04-25 13:54:58'),(22,88,'2022-04-25 13:54:59'),(22,95,'2022-04-25 13:54:56'),(22,96,'2022-04-25 13:54:58'),(23,4,'2022-04-25 13:54:58'),(23,6,'2022-04-25 13:54:58'),(23,15,'2022-04-25 13:54:58'),(23,16,'2022-04-25 13:54:57'),(23,22,'2022-04-25 13:54:59'),(23,27,'2022-04-25 13:54:59'),(23,30,'2022-04-25 13:54:58'),(23,31,'2022-04-25 13:54:57'),(23,32,'2022-04-25 13:54:59'),(23,36,'2022-04-25 13:54:57'),(23,39,'2022-04-25 13:54:58'),(23,45,'2022-04-25 13:54:57'),(23,46,'2022-04-25 13:55:00'),(23,52,'2022-04-25 13:54:57'),(23,55,'2022-04-25 13:54:57'),(23,59,'2022-04-25 13:54:56'),(23,63,'2022-04-25 13:54:58'),(23,64,'2022-04-25 13:54:59'),(23,65,'2022-04-25 13:55:00'),(23,70,'2022-04-25 13:55:00'),(23,75,'2022-04-25 13:55:00'),(23,82,'2022-04-25 13:54:57'),(23,87,'2022-04-25 13:54:56'),(23,88,'2022-04-25 13:54:58'),(23,89,'2022-04-25 13:55:00'),(23,91,'2022-04-25 13:55:00'),(23,92,'2022-04-25 13:54:59'),(23,94,'2022-04-25 13:54:59'),(23,98,'2022-04-25 13:55:00'),(24,2,'2022-04-25 13:54:58'),(24,5,'2022-04-25 13:54:59'),(24,10,'2022-04-25 13:54:59'),(24,11,'2022-04-25 13:54:58'),(24,12,'2022-04-25 13:54:59'),(24,19,'2022-04-25 13:54:57'),(24,24,'2022-04-25 13:54:57'),(24,27,'2022-04-25 13:54:57'),(24,31,'2022-04-25 13:54:58'),(24,33,'2022-04-25 13:54:58'),(24,34,'2022-04-25 13:55:00'),(24,35,'2022-04-25 13:54:57'),(24,41,'2022-04-25 13:54:59'),(24,43,'2022-04-25 13:54:58'),(24,45,'2022-04-25 13:54:58'),(24,46,'2022-04-25 13:54:59'),(24,47,'2022-04-25 13:54:59'),(24,53,'2022-04-25 13:54:56'),(24,54,'2022-04-25 13:54:58'),(24,55,'2022-04-25 13:54:59'),(24,58,'2022-04-25 13:54:57'),(24,61,'2022-04-25 13:54:59'),(24,62,'2022-04-25 13:55:00'),(24,64,'2022-04-25 13:54:58'),(24,66,'2022-04-25 13:55:00'),(24,74,'2022-04-25 13:54:58'),(24,81,'2022-04-25 13:54:56'),(24,84,'2022-04-25 13:55:00'),(24,86,'2022-04-25 13:54:57'),(24,90,'2022-04-25 13:55:00'),(24,96,'2022-04-25 13:55:00'),(24,97,'2022-04-25 13:54:58'),(24,98,'2022-04-25 13:54:59'),(24,99,'2022-04-25 13:54:57'),(25,7,'2022-04-25 13:54:59'),(25,8,'2022-04-25 13:54:56'),(25,13,'2022-04-25 13:54:59'),(25,15,'2022-04-25 13:55:00'),(25,16,'2022-04-25 13:54:58'),(25,19,'2022-04-25 13:55:00'),(25,20,'2022-04-25 13:54:59'),(25,21,'2022-04-25 13:54:57'),(25,22,'2022-04-25 13:54:56'),(25,23,'2022-04-25 13:54:56'),(25,24,'2022-04-25 13:54:58'),(25,25,'2022-04-25 13:54:58'),(25,34,'2022-04-25 13:54:58'),(25,37,'2022-04-25 13:54:58'),(25,48,'2022-04-25 13:54:57'),(25,50,'2022-04-25 13:55:00'),(25,54,'2022-04-25 13:54:57'),(25,58,'2022-04-25 13:54:56'),(25,59,'2022-04-25 13:55:00'),(25,62,'2022-04-25 13:54:58'),(25,64,'2022-04-25 13:54:57'),(25,67,'2022-04-25 13:55:00'),(25,70,'2022-04-25 13:55:00'),(25,72,'2022-04-25 13:54:58'),(25,75,'2022-04-25 13:54:57'),(25,76,'2022-04-25 13:54:58'),(25,77,'2022-04-25 13:54:58'),(25,79,'2022-04-25 13:54:59'),(25,81,'2022-04-25 13:54:59'),(25,84,'2022-04-25 13:54:59'),(25,85,'2022-04-25 13:54:56'),(25,86,'2022-04-25 13:54:57'),(25,88,'2022-04-25 13:55:00'),(25,92,'2022-04-25 13:54:57'),(25,100,'2022-04-25 13:54:59'),(26,1,'2022-04-25 13:54:59'),(26,2,'2022-04-25 13:55:00'),(26,6,'2022-04-25 13:54:59'),(26,7,'2022-04-25 13:55:00'),(26,10,'2022-04-25 13:54:58'),(26,12,'2022-04-25 13:54:58'),(26,14,'2022-04-25 13:54:59'),(26,15,'2022-04-25 13:54:56'),(26,16,'2022-04-25 13:54:59'),(26,19,'2022-04-25 13:55:00'),(26,23,'2022-04-25 13:54:59'),(26,29,'2022-04-25 13:54:58'),(26,40,'2022-04-25 13:55:00'),(26,44,'2022-04-25 13:54:57'),(26,47,'2022-04-25 13:54:57'),(26,48,'2022-04-25 13:54:57'),(26,49,'2022-04-25 13:54:59'),(26,54,'2022-04-25 13:54:57'),(26,60,'2022-04-25 13:54:59'),(26,62,'2022-04-25 13:54:56'),(26,63,'2022-04-25 13:54:59'),(26,66,'2022-04-25 13:55:00'),(26,67,'2022-04-25 13:54:57'),(26,68,'2022-04-25 13:54:57'),(26,69,'2022-04-25 13:54:59'),(26,74,'2022-04-25 13:55:00'),(26,77,'2022-04-25 13:54:57'),(26,79,'2022-04-25 13:54:59'),(26,82,'2022-04-25 13:54:58'),(26,85,'2022-04-25 13:55:00'),(26,90,'2022-04-25 13:54:57'),(26,95,'2022-04-25 13:54:56'),(26,97,'2022-04-25 13:54:58'),(26,100,'2022-04-25 13:54:58'),(27,1,'2022-04-25 13:54:59'),(27,3,'2022-04-25 13:54:57'),(27,8,'2022-04-25 13:54:58'),(27,12,'2022-04-25 13:54:57'),(27,17,'2022-04-25 13:54:58'),(27,21,'2022-04-25 13:54:57'),(27,22,'2022-04-25 13:55:00'),(27,23,'2022-04-25 13:54:57'),(27,31,'2022-04-25 13:54:58'),(27,33,'2022-04-25 13:54:58'),(27,34,'2022-04-25 13:54:57'),(27,35,'2022-04-25 13:54:57'),(27,42,'2022-04-25 13:54:58'),(27,48,'2022-04-25 13:54:57'),(27,49,'2022-04-25 13:54:59'),(27,54,'2022-04-25 13:55:00'),(27,65,'2022-04-25 13:54:56'),(27,66,'2022-04-25 13:54:58'),(27,68,'2022-04-25 13:54:57'),(27,75,'2022-04-25 13:54:56'),(27,81,'2022-04-25 13:54:56'),(27,82,'2022-04-25 13:54:58'),(27,83,'2022-04-25 13:55:00'),(27,88,'2022-04-25 13:54:57'),(27,90,'2022-04-25 13:54:59'),(27,91,'2022-04-25 13:54:56'),(27,93,'2022-04-25 13:55:00'),(27,95,'2022-04-25 13:55:00'),(28,7,'2022-04-25 13:55:00'),(28,8,'2022-04-25 13:54:57'),(28,9,'2022-04-25 13:54:58'),(28,10,'2022-04-25 13:54:57'),(28,14,'2022-04-25 13:54:59'),(28,16,'2022-04-25 13:54:57'),(28,18,'2022-04-25 13:54:59'),(28,24,'2022-04-25 13:54:58'),(28,27,'2022-04-25 13:54:56'),(28,29,'2022-04-25 13:55:00'),(28,37,'2022-04-25 13:54:59'),(28,39,'2022-04-25 13:55:00'),(28,40,'2022-04-25 13:54:59'),(28,41,'2022-04-25 13:54:59'),(28,48,'2022-04-25 13:54:57'),(28,49,'2022-04-25 13:55:00'),(28,52,'2022-04-25 13:54:58'),(28,55,'2022-04-25 13:54:59'),(28,59,'2022-04-25 13:54:58'),(28,64,'2022-04-25 13:54:58'),(28,66,'2022-04-25 13:54:59'),(28,68,'2022-04-25 13:54:56'),(28,69,'2022-04-25 13:54:57'),(28,70,'2022-04-25 13:54:59'),(28,77,'2022-04-25 13:55:00'),(28,78,'2022-04-25 13:54:58'),(28,80,'2022-04-25 13:54:58'),(28,81,'2022-04-25 13:55:00'),(28,82,'2022-04-25 13:55:00'),(28,91,'2022-04-25 13:54:57'),(28,92,'2022-04-25 13:54:59'),(29,1,'2022-04-25 13:55:00'),(29,5,'2022-04-25 13:55:00'),(29,13,'2022-04-25 13:54:57'),(29,14,'2022-04-25 13:54:59'),(29,21,'2022-04-25 13:54:59'),(29,25,'2022-04-25 13:54:59'),(29,31,'2022-04-25 13:54:58'),(29,32,'2022-04-25 13:54:58'),(29,33,'2022-04-25 13:54:58'),(29,37,'2022-04-25 13:54:57'),(29,38,'2022-04-25 13:54:56'),(29,45,'2022-04-25 13:55:00'),(29,56,'2022-04-25 13:54:58'),(29,62,'2022-04-25 13:54:59'),(29,70,'2022-04-25 13:55:00'),(29,74,'2022-04-25 13:54:59'),(29,75,'2022-04-25 13:55:00'),(29,77,'2022-04-25 13:54:59'),(29,86,'2022-04-25 13:54:59'),(29,88,'2022-04-25 13:54:59'),(29,98,'2022-04-25 13:54:59'),(30,6,'2022-04-25 13:54:56'),(30,7,'2022-04-25 13:54:58'),(30,10,'2022-04-25 13:54:57'),(30,15,'2022-04-25 13:54:58'),(30,16,'2022-04-25 13:54:59'),(30,17,'2022-04-25 13:55:00'),(30,23,'2022-04-25 13:54:58'),(30,27,'2022-04-25 13:54:58'),(30,28,'2022-04-25 13:55:00'),(30,31,'2022-04-25 13:54:59'),(30,36,'2022-04-25 13:54:57'),(30,42,'2022-04-25 13:55:00'),(30,44,'2022-04-25 13:54:58'),(30,50,'2022-04-25 13:54:59'),(30,58,'2022-04-25 13:54:57'),(30,60,'2022-04-25 13:54:58'),(30,61,'2022-04-25 13:54:58'),(30,62,'2022-04-25 13:55:00'),(30,63,'2022-04-25 13:54:56'),(30,64,'2022-04-25 13:54:57'),(30,68,'2022-04-25 13:54:58'),(30,70,'2022-04-25 13:54:57'),(30,73,'2022-04-25 13:54:57'),(30,74,'2022-04-25 13:55:00'),(30,76,'2022-04-25 13:54:59'),(30,77,'2022-04-25 13:55:00'),(30,80,'2022-04-25 13:54:57'),(30,84,'2022-04-25 13:54:57'),(30,88,'2022-04-25 13:54:57'),(30,92,'2022-04-25 13:54:59'),(30,93,'2022-04-25 13:54:56'),(30,95,'2022-04-25 13:54:57'),(30,99,'2022-04-25 13:54:57'),(31,1,'2022-04-25 13:54:59'),(31,2,'2022-04-25 13:54:58'),(31,6,'2022-04-25 13:54:58'),(31,10,'2022-04-25 13:55:00'),(31,11,'2022-04-25 13:54:57'),(31,13,'2022-04-25 13:54:59'),(31,14,'2022-04-25 13:54:58'),(31,28,'2022-04-25 13:54:58'),(31,33,'2022-04-25 13:54:58'),(31,37,'2022-04-25 13:54:58'),(31,38,'2022-04-25 13:54:58'),(31,40,'2022-04-25 13:54:58'),(31,42,'2022-04-25 13:54:59'),(31,48,'2022-04-25 13:54:58'),(31,49,'2022-04-25 13:54:56'),(31,50,'2022-04-25 13:54:58'),(31,52,'2022-04-25 13:54:59'),(31,54,'2022-04-25 13:55:00'),(31,55,'2022-04-25 13:54:58'),(31,59,'2022-04-25 13:54:57'),(31,60,'2022-04-25 13:54:58'),(31,62,'2022-04-25 13:54:56'),(31,63,'2022-04-25 13:54:59'),(31,64,'2022-04-25 13:54:56'),(31,65,'2022-04-25 13:54:57'),(31,66,'2022-04-25 13:55:00'),(31,69,'2022-04-25 13:54:59'),(31,76,'2022-04-25 13:55:00'),(31,77,'2022-04-25 13:54:59'),(31,81,'2022-04-25 13:54:56'),(31,82,'2022-04-25 13:54:57'),(31,85,'2022-04-25 13:54:59'),(31,89,'2022-04-25 13:55:00'),(31,90,'2022-04-25 13:54:58'),(31,96,'2022-04-25 13:54:56'),(31,97,'2022-04-25 13:54:59'),(32,2,'2022-04-25 13:54:57'),(32,12,'2022-04-25 13:54:58'),(32,13,'2022-04-25 13:54:57'),(32,15,'2022-04-25 13:54:59'),(32,16,'2022-04-25 13:55:00'),(32,21,'2022-04-25 13:54:56'),(32,25,'2022-04-25 13:54:59'),(32,27,'2022-04-25 13:54:59'),(32,33,'2022-04-25 13:54:59'),(32,35,'2022-04-25 13:55:00'),(32,36,'2022-04-25 13:54:57'),(32,37,'2022-04-25 13:54:58'),(32,38,'2022-04-25 13:54:56'),(32,40,'2022-04-25 13:54:57'),(32,41,'2022-04-25 13:55:00'),(32,42,'2022-04-25 13:54:59'),(32,45,'2022-04-25 13:54:58'),(32,46,'2022-04-25 13:54:59'),(32,47,'2022-04-25 13:54:59'),(32,48,'2022-04-25 13:54:58'),(32,54,'2022-04-25 13:54:59'),(32,56,'2022-04-25 13:55:00'),(32,58,'2022-04-25 13:54:58'),(32,59,'2022-04-25 13:54:58'),(32,62,'2022-04-25 13:54:58'),(32,66,'2022-04-25 13:54:56'),(32,68,'2022-04-25 13:54:56'),(32,69,'2022-04-25 13:54:57'),(32,70,'2022-04-25 13:54:59'),(32,71,'2022-04-25 13:54:58'),(32,76,'2022-04-25 13:54:59'),(32,77,'2022-04-25 13:54:59'),(32,82,'2022-04-25 13:54:56'),(32,85,'2022-04-25 13:54:58'),(32,90,'2022-04-25 13:54:57'),(32,91,'2022-04-25 13:54:57'),(32,92,'2022-04-25 13:55:00'),(32,94,'2022-04-25 13:54:59'),(32,95,'2022-04-25 13:54:56'),(32,100,'2022-04-25 13:55:00'),(33,3,'2022-04-25 13:54:59'),(33,5,'2022-04-25 13:54:57'),(33,6,'2022-04-25 13:54:59'),(33,9,'2022-04-25 13:54:57'),(33,10,'2022-04-25 13:54:57'),(33,12,'2022-04-25 13:54:58'),(33,13,'2022-04-25 13:54:56'),(33,14,'2022-04-25 13:55:00'),(33,15,'2022-04-25 13:54:59'),(33,18,'2022-04-25 13:54:57'),(33,20,'2022-04-25 13:55:00'),(33,24,'2022-04-25 13:55:00'),(33,27,'2022-04-25 13:54:58'),(33,30,'2022-04-25 13:54:58'),(33,32,'2022-04-25 13:54:57'),(33,33,'2022-04-25 13:54:57'),(33,34,'2022-04-25 13:54:58'),(33,36,'2022-04-25 13:54:58'),(33,38,'2022-04-25 13:54:58'),(33,40,'2022-04-25 13:54:56'),(33,47,'2022-04-25 13:54:57'),(33,48,'2022-04-25 13:55:00'),(33,50,'2022-04-25 13:54:57'),(33,59,'2022-04-25 13:54:56'),(33,61,'2022-04-25 13:54:59'),(33,63,'2022-04-25 13:55:00'),(33,64,'2022-04-25 13:54:58'),(33,66,'2022-04-25 13:54:57'),(33,69,'2022-04-25 13:54:58'),(33,70,'2022-04-25 13:54:57'),(33,76,'2022-04-25 13:55:00'),(33,83,'2022-04-25 13:54:57'),(33,87,'2022-04-25 13:55:00'),(33,90,'2022-04-25 13:54:57'),(33,92,'2022-04-25 13:54:59'),(33,93,'2022-04-25 13:55:00'),(33,95,'2022-04-25 13:54:56'),(33,96,'2022-04-25 13:54:59'),(34,2,'2022-04-25 13:54:59'),(34,7,'2022-04-25 13:54:59'),(34,11,'2022-04-25 13:54:58'),(34,16,'2022-04-25 13:54:58'),(34,19,'2022-04-25 13:54:59'),(34,20,'2022-04-25 13:54:58'),(34,23,'2022-04-25 13:55:00'),(34,25,'2022-04-25 13:54:59'),(34,29,'2022-04-25 13:54:58'),(34,30,'2022-04-25 13:54:56'),(34,34,'2022-04-25 13:55:00'),(34,36,'2022-04-25 13:54:59'),(34,40,'2022-04-25 13:55:00'),(34,43,'2022-04-25 13:54:59'),(34,44,'2022-04-25 13:54:56'),(34,46,'2022-04-25 13:55:00'),(34,49,'2022-04-25 13:55:00'),(34,50,'2022-04-25 13:55:00'),(34,53,'2022-04-25 13:54:56'),(34,54,'2022-04-25 13:54:59'),(34,55,'2022-04-25 13:54:58'),(34,58,'2022-04-25 13:55:00'),(34,63,'2022-04-25 13:55:00'),(34,64,'2022-04-25 13:54:57'),(34,66,'2022-04-25 13:54:57'),(34,68,'2022-04-25 13:54:59'),(34,70,'2022-04-25 13:54:57'),(34,71,'2022-04-25 13:54:57'),(34,74,'2022-04-25 13:54:57'),(34,79,'2022-04-25 13:55:00'),(34,82,'2022-04-25 13:54:58'),(34,86,'2022-04-25 13:54:59'),(34,89,'2022-04-25 13:55:00'),(34,91,'2022-04-25 13:54:56'),(34,92,'2022-04-25 13:54:56'),(34,96,'2022-04-25 13:54:58'),(34,99,'2022-04-25 13:55:00'),(35,2,'2022-04-25 13:54:59'),(35,3,'2022-04-25 13:54:56'),(35,4,'2022-04-25 13:55:00'),(35,5,'2022-04-25 13:54:56'),(35,6,'2022-04-25 13:54:59'),(35,8,'2022-04-25 13:54:59'),(35,9,'2022-04-25 13:54:59'),(35,14,'2022-04-25 13:54:58'),(35,18,'2022-04-25 13:54:57'),(35,21,'2022-04-25 13:54:59'),(35,24,'2022-04-25 13:54:58'),(35,25,'2022-04-25 13:54:57'),(35,28,'2022-04-25 13:54:56'),(35,29,'2022-04-25 13:54:56'),(35,30,'2022-04-25 13:54:58'),(35,37,'2022-04-25 13:54:58'),(35,39,'2022-04-25 13:54:57'),(35,41,'2022-04-25 13:54:59'),(35,48,'2022-04-25 13:54:56'),(35,50,'2022-04-25 13:54:58'),(35,51,'2022-04-25 13:54:57'),(35,52,'2022-04-25 13:55:00'),(35,54,'2022-04-25 13:55:00'),(35,55,'2022-04-25 13:54:58'),(35,59,'2022-04-25 13:54:59'),(35,61,'2022-04-25 13:54:59'),(35,64,'2022-04-25 13:54:59'),(35,67,'2022-04-25 13:55:00'),(35,69,'2022-04-25 13:54:58'),(35,70,'2022-04-25 13:54:57'),(35,75,'2022-04-25 13:54:57'),(35,76,'2022-04-25 13:54:58'),(35,80,'2022-04-25 13:55:00'),(35,82,'2022-04-25 13:54:57'),(35,88,'2022-04-25 13:54:59'),(35,89,'2022-04-25 13:54:57'),(35,92,'2022-04-25 13:54:56'),(35,96,'2022-04-25 13:54:57'),(35,99,'2022-04-25 13:54:58'),(36,2,'2022-04-25 13:55:00'),(36,6,'2022-04-25 13:54:57'),(36,9,'2022-04-25 13:54:59'),(36,10,'2022-04-25 13:54:57'),(36,11,'2022-04-25 13:54:57'),(36,13,'2022-04-25 13:54:59'),(36,16,'2022-04-25 13:54:59'),(36,17,'2022-04-25 13:55:00'),(36,21,'2022-04-25 13:54:58'),(36,23,'2022-04-25 13:54:59'),(36,24,'2022-04-25 13:54:56'),(36,26,'2022-04-25 13:54:57'),(36,29,'2022-04-25 13:54:56'),(36,34,'2022-04-25 13:54:57'),(36,37,'2022-04-25 13:54:57'),(36,43,'2022-04-25 13:55:00'),(36,44,'2022-04-25 13:54:56'),(36,49,'2022-04-25 13:54:57'),(36,50,'2022-04-25 13:54:57'),(36,53,'2022-04-25 13:54:59'),(36,64,'2022-04-25 13:54:56'),(36,75,'2022-04-25 13:54:56'),(36,86,'2022-04-25 13:55:00'),(36,88,'2022-04-25 13:54:59'),(36,89,'2022-04-25 13:54:59'),(36,93,'2022-04-25 13:54:56'),(36,98,'2022-04-25 13:54:58'),(36,99,'2022-04-25 13:54:57'),(37,2,'2022-04-25 13:54:57'),(37,3,'2022-04-25 13:54:56'),(37,6,'2022-04-25 13:54:58'),(37,7,'2022-04-25 13:54:59'),(37,9,'2022-04-25 13:55:00'),(37,12,'2022-04-25 13:54:58'),(37,16,'2022-04-25 13:54:57'),(37,17,'2022-04-25 13:54:58'),(37,21,'2022-04-25 13:54:57'),(37,24,'2022-04-25 13:54:57'),(37,26,'2022-04-25 13:55:00'),(37,27,'2022-04-25 13:54:56'),(37,28,'2022-04-25 13:54:59'),(37,30,'2022-04-25 13:54:59'),(37,34,'2022-04-25 13:55:00'),(37,36,'2022-04-25 13:54:58'),(37,42,'2022-04-25 13:54:58'),(37,49,'2022-04-25 13:54:58'),(37,51,'2022-04-25 13:54:58'),(37,52,'2022-04-25 13:54:58'),(37,54,'2022-04-25 13:55:00'),(37,58,'2022-04-25 13:54:58'),(37,59,'2022-04-25 13:54:59'),(37,65,'2022-04-25 13:55:00'),(37,67,'2022-04-25 13:54:56'),(37,71,'2022-04-25 13:54:59'),(37,72,'2022-04-25 13:54:58'),(37,74,'2022-04-25 13:54:58'),(37,75,'2022-04-25 13:54:59'),(37,78,'2022-04-25 13:54:56'),(37,79,'2022-04-25 13:55:00'),(37,83,'2022-04-25 13:54:56'),(37,84,'2022-04-25 13:54:57'),(37,88,'2022-04-25 13:55:00'),(37,89,'2022-04-25 13:55:00'),(37,96,'2022-04-25 13:54:59'),(37,97,'2022-04-25 13:54:57'),(38,1,'2022-04-25 13:54:56'),(38,5,'2022-04-25 13:54:56'),(38,6,'2022-04-25 13:55:00'),(38,10,'2022-04-25 13:54:59'),(38,11,'2022-04-25 13:54:58'),(38,13,'2022-04-25 13:54:56'),(38,22,'2022-04-25 13:54:59'),(38,27,'2022-04-25 13:55:00'),(38,28,'2022-04-25 13:54:59'),(38,29,'2022-04-25 13:54:59'),(38,33,'2022-04-25 13:54:56'),(38,34,'2022-04-25 13:54:58'),(38,35,'2022-04-25 13:54:59'),(38,36,'2022-04-25 13:54:58'),(38,38,'2022-04-25 13:54:59'),(38,39,'2022-04-25 13:54:57'),(38,40,'2022-04-25 13:54:59'),(38,42,'2022-04-25 13:54:59'),(38,45,'2022-04-25 13:54:57'),(38,50,'2022-04-25 13:54:59'),(38,54,'2022-04-25 13:54:59'),(38,56,'2022-04-25 13:54:59'),(38,59,'2022-04-25 13:54:58'),(38,61,'2022-04-25 13:54:56'),(38,62,'2022-04-25 13:54:58'),(38,63,'2022-04-25 13:54:56'),(38,64,'2022-04-25 13:55:00'),(38,66,'2022-04-25 13:55:00'),(38,67,'2022-04-25 13:54:57'),(38,69,'2022-04-25 13:54:57'),(38,72,'2022-04-25 13:54:57'),(38,75,'2022-04-25 13:55:00'),(38,77,'2022-04-25 13:54:58'),(38,85,'2022-04-25 13:54:57'),(38,86,'2022-04-25 13:54:56'),(38,91,'2022-04-25 13:54:57'),(38,94,'2022-04-25 13:54:59'),(38,97,'2022-04-25 13:54:56'),(38,98,'2022-04-25 13:54:59'),(39,1,'2022-04-25 13:54:56'),(39,9,'2022-04-25 13:55:00'),(39,11,'2022-04-25 13:54:56'),(39,13,'2022-04-25 13:54:57'),(39,18,'2022-04-25 13:54:57'),(39,21,'2022-04-25 13:55:00'),(39,22,'2022-04-25 13:54:57'),(39,24,'2022-04-25 13:54:57'),(39,27,'2022-04-25 13:54:56'),(39,30,'2022-04-25 13:54:58'),(39,31,'2022-04-25 13:54:57'),(39,33,'2022-04-25 13:54:58'),(39,37,'2022-04-25 13:54:57'),(39,39,'2022-04-25 13:54:59'),(39,40,'2022-04-25 13:54:59'),(39,42,'2022-04-25 13:54:57'),(39,47,'2022-04-25 13:54:57'),(39,50,'2022-04-25 13:54:56'),(39,52,'2022-04-25 13:54:56'),(39,60,'2022-04-25 13:54:59'),(39,61,'2022-04-25 13:54:58'),(39,62,'2022-04-25 13:54:59'),(39,63,'2022-04-25 13:55:00'),(39,64,'2022-04-25 13:54:58'),(39,68,'2022-04-25 13:55:00'),(39,69,'2022-04-25 13:54:58'),(39,74,'2022-04-25 13:54:59'),(39,76,'2022-04-25 13:55:00'),(39,78,'2022-04-25 13:54:59'),(39,79,'2022-04-25 13:54:58'),(39,81,'2022-04-25 13:54:58'),(39,82,'2022-04-25 13:54:58'),(39,88,'2022-04-25 13:54:56'),(39,91,'2022-04-25 13:54:57'),(39,92,'2022-04-25 13:54:58'),(39,99,'2022-04-25 13:54:57'),(40,4,'2022-04-25 13:54:57'),(40,5,'2022-04-25 13:54:58'),(40,6,'2022-04-25 13:54:58'),(40,15,'2022-04-25 13:54:59'),(40,18,'2022-04-25 13:54:58'),(40,22,'2022-04-25 13:54:58'),(40,23,'2022-04-25 13:54:57'),(40,24,'2022-04-25 13:54:59'),(40,25,'2022-04-25 13:55:00'),(40,30,'2022-04-25 13:54:57'),(40,33,'2022-04-25 13:54:56'),(40,34,'2022-04-25 13:54:58'),(40,39,'2022-04-25 13:54:56'),(40,40,'2022-04-25 13:54:59'),(40,42,'2022-04-25 13:55:00'),(40,43,'2022-04-25 13:55:00'),(40,47,'2022-04-25 13:54:56'),(40,48,'2022-04-25 13:54:57'),(40,49,'2022-04-25 13:55:00'),(40,53,'2022-04-25 13:54:56'),(40,55,'2022-04-25 13:54:57'),(40,58,'2022-04-25 13:54:57'),(40,59,'2022-04-25 13:54:58'),(40,62,'2022-04-25 13:55:00'),(40,63,'2022-04-25 13:54:57'),(40,66,'2022-04-25 13:54:58'),(40,69,'2022-04-25 13:54:58'),(40,74,'2022-04-25 13:54:58'),(40,75,'2022-04-25 13:54:59'),(40,80,'2022-04-25 13:54:57'),(40,81,'2022-04-25 13:55:00'),(40,82,'2022-04-25 13:55:00'),(40,83,'2022-04-25 13:54:59'),(40,90,'2022-04-25 13:54:58'),(40,92,'2022-04-25 13:54:58'),(40,95,'2022-04-25 13:54:58'),(40,100,'2022-04-25 13:54:59'),(41,1,'2022-04-25 13:55:00'),(41,4,'2022-04-25 13:54:57'),(41,8,'2022-04-25 13:54:58'),(41,10,'2022-04-25 13:54:57'),(41,11,'2022-04-25 13:54:56'),(41,15,'2022-04-25 13:54:56'),(41,19,'2022-04-25 13:55:00'),(41,20,'2022-04-25 13:54:57'),(41,28,'2022-04-25 13:54:58'),(41,38,'2022-04-25 13:54:58'),(41,42,'2022-04-25 13:54:56'),(41,46,'2022-04-25 13:54:59'),(41,47,'2022-04-25 13:54:56'),(41,50,'2022-04-25 13:54:57'),(41,52,'2022-04-25 13:54:58'),(41,57,'2022-04-25 13:54:56'),(41,58,'2022-04-25 13:54:56'),(41,62,'2022-04-25 13:54:56'),(41,63,'2022-04-25 13:54:58'),(41,64,'2022-04-25 13:54:58'),(41,69,'2022-04-25 13:54:57'),(41,75,'2022-04-25 13:54:59'),(41,77,'2022-04-25 13:54:59'),(41,80,'2022-04-25 13:54:58'),(41,82,'2022-04-25 13:54:58'),(41,86,'2022-04-25 13:54:56'),(41,87,'2022-04-25 13:55:00'),(41,91,'2022-04-25 13:55:00'),(41,94,'2022-04-25 13:54:57'),(41,99,'2022-04-25 13:54:59'),(42,2,'2022-04-25 13:55:00'),(42,5,'2022-04-25 13:55:00'),(42,8,'2022-04-25 13:54:58'),(42,9,'2022-04-25 13:54:56'),(42,15,'2022-04-25 13:54:59'),(42,18,'2022-04-25 13:54:57'),(42,20,'2022-04-25 13:54:57'),(42,22,'2022-04-25 13:54:56'),(42,24,'2022-04-25 13:54:58'),(42,28,'2022-04-25 13:54:57'),(42,31,'2022-04-25 13:54:59'),(42,35,'2022-04-25 13:54:58'),(42,36,'2022-04-25 13:55:00'),(42,37,'2022-04-25 13:54:59'),(42,43,'2022-04-25 13:54:56'),(42,57,'2022-04-25 13:55:00'),(42,66,'2022-04-25 13:54:59'),(42,69,'2022-04-25 13:54:58'),(42,70,'2022-04-25 13:54:58'),(42,71,'2022-04-25 13:54:58'),(42,72,'2022-04-25 13:54:59'),(42,73,'2022-04-25 13:54:59'),(42,76,'2022-04-25 13:55:00'),(42,84,'2022-04-25 13:54:58'),(42,89,'2022-04-25 13:54:56'),(42,91,'2022-04-25 13:55:00'),(42,92,'2022-04-25 13:54:59'),(42,95,'2022-04-25 13:54:59'),(42,97,'2022-04-25 13:54:59'),(42,98,'2022-04-25 13:54:58'),(43,1,'2022-04-25 13:54:59'),(43,2,'2022-04-25 13:54:57'),(43,6,'2022-04-25 13:54:57'),(43,12,'2022-04-25 13:54:56'),(43,14,'2022-04-25 13:55:00'),(43,15,'2022-04-25 13:54:56'),(43,19,'2022-04-25 13:54:58'),(43,20,'2022-04-25 13:54:58'),(43,21,'2022-04-25 13:54:57'),(43,23,'2022-04-25 13:54:56'),(43,30,'2022-04-25 13:54:57'),(43,42,'2022-04-25 13:54:58'),(43,48,'2022-04-25 13:54:57'),(43,49,'2022-04-25 13:54:56'),(43,50,'2022-04-25 13:54:56'),(43,56,'2022-04-25 13:55:00'),(43,61,'2022-04-25 13:55:00'),(43,64,'2022-04-25 13:55:00'),(43,71,'2022-04-25 13:54:59'),(43,73,'2022-04-25 13:54:58'),(43,83,'2022-04-25 13:54:57'),(43,85,'2022-04-25 13:55:00'),(43,90,'2022-04-25 13:55:00'),(43,92,'2022-04-25 13:54:59'),(43,94,'2022-04-25 13:54:56'),(43,100,'2022-04-25 13:55:00'),(44,4,'2022-04-25 13:54:59'),(44,6,'2022-04-25 13:55:00'),(44,15,'2022-04-25 13:54:59'),(44,16,'2022-04-25 13:54:58'),(44,17,'2022-04-25 13:54:57'),(44,20,'2022-04-25 13:54:59'),(44,22,'2022-04-25 13:54:59'),(44,24,'2022-04-25 13:55:00'),(44,25,'2022-04-25 13:54:59'),(44,26,'2022-04-25 13:54:58'),(44,37,'2022-04-25 13:54:56'),(44,42,'2022-04-25 13:54:59'),(44,44,'2022-04-25 13:54:59'),(44,45,'2022-04-25 13:54:59'),(44,47,'2022-04-25 13:54:57'),(44,49,'2022-04-25 13:54:56'),(44,56,'2022-04-25 13:54:57'),(44,58,'2022-04-25 13:54:56'),(44,59,'2022-04-25 13:54:59'),(44,60,'2022-04-25 13:54:58'),(44,63,'2022-04-25 13:54:57'),(44,64,'2022-04-25 13:54:58'),(44,67,'2022-04-25 13:55:00'),(44,68,'2022-04-25 13:54:57'),(44,69,'2022-04-25 13:54:58'),(44,70,'2022-04-25 13:54:57'),(44,72,'2022-04-25 13:54:57'),(44,73,'2022-04-25 13:55:00'),(44,78,'2022-04-25 13:54:57'),(44,81,'2022-04-25 13:54:57'),(44,83,'2022-04-25 13:54:58'),(44,85,'2022-04-25 13:54:57'),(44,86,'2022-04-25 13:54:59'),(44,89,'2022-04-25 13:55:00'),(44,91,'2022-04-25 13:54:56'),(44,92,'2022-04-25 13:54:59'),(44,94,'2022-04-25 13:55:00'),(44,99,'2022-04-25 13:54:57'),(45,9,'2022-04-25 13:54:58'),(45,13,'2022-04-25 13:54:57'),(45,16,'2022-04-25 13:54:58'),(45,17,'2022-04-25 13:54:58'),(45,20,'2022-04-25 13:54:59'),(45,21,'2022-04-25 13:54:57'),(45,26,'2022-04-25 13:54:56'),(45,31,'2022-04-25 13:55:00'),(45,32,'2022-04-25 13:54:59'),(45,33,'2022-04-25 13:54:57'),(45,36,'2022-04-25 13:54:58'),(45,38,'2022-04-25 13:54:57'),(45,42,'2022-04-25 13:54:59'),(45,44,'2022-04-25 13:54:57'),(45,46,'2022-04-25 13:54:59'),(45,59,'2022-04-25 13:54:58'),(45,60,'2022-04-25 13:54:59'),(45,74,'2022-04-25 13:54:58'),(45,76,'2022-04-25 13:55:00'),(45,78,'2022-04-25 13:55:00'),(45,81,'2022-04-25 13:54:57'),(45,83,'2022-04-25 13:55:00'),(45,85,'2022-04-25 13:54:57'),(45,88,'2022-04-25 13:55:00'),(45,92,'2022-04-25 13:54:56'),(45,93,'2022-04-25 13:54:57'),(45,94,'2022-04-25 13:55:00'),(45,100,'2022-04-25 13:54:57'),(46,1,'2022-04-25 13:54:58'),(46,7,'2022-04-25 13:54:58'),(46,11,'2022-04-25 13:54:57'),(46,12,'2022-04-25 13:54:57'),(46,17,'2022-04-25 13:54:57'),(46,23,'2022-04-25 13:54:57'),(46,26,'2022-04-25 13:54:56'),(46,27,'2022-04-25 13:54:56'),(46,28,'2022-04-25 13:54:56'),(46,30,'2022-04-25 13:54:57'),(46,38,'2022-04-25 13:54:59'),(46,40,'2022-04-25 13:54:59'),(46,42,'2022-04-25 13:54:59'),(46,43,'2022-04-25 13:54:59'),(46,47,'2022-04-25 13:54:57'),(46,49,'2022-04-25 13:54:56'),(46,53,'2022-04-25 13:55:00'),(46,63,'2022-04-25 13:54:58'),(46,65,'2022-04-25 13:55:00'),(46,66,'2022-04-25 13:55:00'),(46,68,'2022-04-25 13:54:58'),(46,71,'2022-04-25 13:54:59'),(46,76,'2022-04-25 13:54:59'),(46,81,'2022-04-25 13:54:59'),(46,90,'2022-04-25 13:54:56'),(46,98,'2022-04-25 13:54:58'),(47,3,'2022-04-25 13:54:56'),(47,4,'2022-04-25 13:54:58'),(47,7,'2022-04-25 13:54:58'),(47,8,'2022-04-25 13:54:57'),(47,12,'2022-04-25 13:54:58'),(47,16,'2022-04-25 13:54:59'),(47,17,'2022-04-25 13:54:58'),(47,18,'2022-04-25 13:54:58'),(47,20,'2022-04-25 13:54:56'),(47,24,'2022-04-25 13:54:57'),(47,26,'2022-04-25 13:54:56'),(47,27,'2022-04-25 13:55:00'),(47,28,'2022-04-25 13:54:58'),(47,32,'2022-04-25 13:54:58'),(47,33,'2022-04-25 13:54:59'),(47,38,'2022-04-25 13:54:58'),(47,39,'2022-04-25 13:54:58'),(47,40,'2022-04-25 13:54:59'),(47,41,'2022-04-25 13:54:56'),(47,47,'2022-04-25 13:54:57'),(47,48,'2022-04-25 13:55:00'),(47,49,'2022-04-25 13:55:00'),(47,50,'2022-04-25 13:54:57'),(47,56,'2022-04-25 13:54:59'),(47,58,'2022-04-25 13:54:59'),(47,59,'2022-04-25 13:54:58'),(47,60,'2022-04-25 13:54:56'),(47,63,'2022-04-25 13:54:57'),(47,64,'2022-04-25 13:54:59'),(47,67,'2022-04-25 13:54:57'),(47,68,'2022-04-25 13:54:58'),(47,73,'2022-04-25 13:54:59'),(47,74,'2022-04-25 13:54:59'),(47,80,'2022-04-25 13:54:57'),(47,82,'2022-04-25 13:54:58'),(47,84,'2022-04-25 13:54:58'),(47,96,'2022-04-25 13:54:59'),(47,100,'2022-04-25 13:54:59'),(48,2,'2022-04-25 13:54:57'),(48,3,'2022-04-25 13:54:59'),(48,5,'2022-04-25 13:54:58'),(48,9,'2022-04-25 13:54:57'),(48,10,'2022-04-25 13:55:00'),(48,16,'2022-04-25 13:54:59'),(48,18,'2022-04-25 13:54:59'),(48,22,'2022-04-25 13:54:56'),(48,26,'2022-04-25 13:55:00'),(48,30,'2022-04-25 13:54:58'),(48,35,'2022-04-25 13:54:58'),(48,36,'2022-04-25 13:55:00'),(48,37,'2022-04-25 13:54:59'),(48,38,'2022-04-25 13:55:00'),(48,39,'2022-04-25 13:54:57'),(48,52,'2022-04-25 13:54:59'),(48,53,'2022-04-25 13:54:56'),(48,55,'2022-04-25 13:54:58'),(48,56,'2022-04-25 13:54:57'),(48,62,'2022-04-25 13:54:58'),(48,66,'2022-04-25 13:54:58'),(48,72,'2022-04-25 13:54:58'),(48,73,'2022-04-25 13:54:59'),(48,74,'2022-04-25 13:54:58'),(48,75,'2022-04-25 13:54:58'),(48,77,'2022-04-25 13:54:59'),(48,79,'2022-04-25 13:54:57'),(48,84,'2022-04-25 13:54:57'),(48,85,'2022-04-25 13:54:56'),(48,95,'2022-04-25 13:54:59'),(48,96,'2022-04-25 13:55:00'),(48,97,'2022-04-25 13:55:00'),(48,98,'2022-04-25 13:54:58'),(49,2,'2022-04-25 13:54:56'),(49,4,'2022-04-25 13:54:57'),(49,19,'2022-04-25 13:54:59'),(49,20,'2022-04-25 13:54:58'),(49,24,'2022-04-25 13:54:58'),(49,29,'2022-04-25 13:55:00'),(49,32,'2022-04-25 13:54:57'),(49,38,'2022-04-25 13:54:56'),(49,39,'2022-04-25 13:54:58'),(49,45,'2022-04-25 13:55:00'),(49,49,'2022-04-25 13:54:57'),(49,50,'2022-04-25 13:54:59'),(49,55,'2022-04-25 13:54:59'),(49,57,'2022-04-25 13:54:59'),(49,58,'2022-04-25 13:54:56'),(49,61,'2022-04-25 13:54:59'),(49,68,'2022-04-25 13:55:00'),(49,70,'2022-04-25 13:55:00'),(49,77,'2022-04-25 13:54:56'),(49,78,'2022-04-25 13:54:57'),(49,81,'2022-04-25 13:54:59'),(49,82,'2022-04-25 13:54:58'),(49,83,'2022-04-25 13:55:00'),(49,85,'2022-04-25 13:54:58'),(49,87,'2022-04-25 13:54:56'),(49,88,'2022-04-25 13:54:59'),(49,91,'2022-04-25 13:54:59'),(49,92,'2022-04-25 13:54:56'),(49,96,'2022-04-25 13:54:57'),(50,8,'2022-04-25 13:54:58'),(50,12,'2022-04-25 13:55:00'),(50,13,'2022-04-25 13:54:59'),(50,16,'2022-04-25 13:54:57'),(50,26,'2022-04-25 13:54:58'),(50,30,'2022-04-25 13:54:58'),(50,42,'2022-04-25 13:54:57'),(50,48,'2022-04-25 13:54:57'),(50,49,'2022-04-25 13:55:00'),(50,50,'2022-04-25 13:54:59'),(50,57,'2022-04-25 13:54:57'),(50,59,'2022-04-25 13:55:00'),(50,60,'2022-04-25 13:54:58'),(50,63,'2022-04-25 13:54:57'),(50,66,'2022-04-25 13:54:56'),(50,68,'2022-04-25 13:54:56'),(50,69,'2022-04-25 13:54:56'),(50,72,'2022-04-25 13:54:56'),(50,75,'2022-04-25 13:54:58'),(50,76,'2022-04-25 13:54:57'),(50,84,'2022-04-25 13:54:59'),(50,88,'2022-04-25 13:54:58'),(50,89,'2022-04-25 13:54:59'),(50,93,'2022-04-25 13:55:00'),(50,98,'2022-04-25 13:54:59');
/*!40000 ALTER TABLE `post_likes` ENABLE KEYS */;
UNLOCK TABLES;

--
-- Table structure for table `post_tags`
--

DROP TABLE IF EXISTS `post_tags`;
/*!40101 SET @saved_cs_client     = @@character_set_client */;
/*!50503 SET character_set_client = utf8mb4 */;
CREATE TABLE `post_tags` (
  `post_id` int NOT NULL,
  `hashtag_id` int NOT NULL,
  PRIMARY KEY (`post_id`,`hashtag_id`),
  KEY `hashtag_id` (`hashtag_id`),
  CONSTRAINT `post_tags_ibfk_1` FOREIGN KEY (`post_id`) REFERENCES `post` (`post_id`),
  CONSTRAINT `post_tags_ibfk_2` FOREIGN KEY (`hashtag_id`) REFERENCES `hashtags` (`hashtag_id`)
) ENGINE=InnoDB DEFAULT CHARSET=utf8mb4 COLLATE=utf8mb4_0900_ai_ci;
/*!40101 SET character_set_client = @saved_cs_client */;

--
-- Dumping data for table `post_tags`
--

LOCK TABLES `post_tags` WRITE;
/*!40000 ALTER TABLE `post_tags` DISABLE KEYS */;
INSERT INTO `post_tags` VALUES (4,1),(5,1),(9,1),(16,1),(17,1),(20,1),(55,1),(58,1),(74,1),(89,1),(90,1),(99,1),(11,2),(14,2),(19,2),(30,2),(33,2),(38,2),(64,2),(65,2),(75,2),(79,2),(80,2),(81,2),(90,2),(91,2),(6,3),(10,3),(34,3),(35,3),(36,3),(49,3),(50,3),(62,3),(68,3),(94,3),(96,3),(6,4),(18,4),(19,4),(32,4),(36,4),(39,4),(42,4),(58,4),(68,4),(69,4),(80,4),(82,4),(10,5),(17,5),(18,5),(21,5),(22,5),(24,5),(44,5),(60,5),(77,5),(87,5),(92,5),(96,5),(99,5),(12,6),(16,6),(22,6),(47,6),(48,6),(51,6),(97,6),(3,7),(11,7),(13,7),(15,7),(20,7),(36,7),(45,7),(46,7),(48,7),(53,7),(64,7),(67,7),(73,7),(78,7),(80,7),(93,7),(1,8),(13,8),(28,8),(41,8),(48,8),(49,8),(52,8),(53,8),(57,8),(66,8),(77,8),(5,9),(7,9),(20,9),(23,9),(32,9),(44,9),(59,9),(74,9),(85,9),(2,10),(3,10),(13,10),(21,10),(24,10),(28,10),(56,10),(70,10),(83,10),(97,10),(3,11),(8,11),(9,11),(12,11),(13,11),(15,11),(17,11),(37,11),(41,11),(42,11),(47,11),(49,11),(53,11),(62,11),(65,11),(81,11),(89,11),(99,11),(100,11),(9,12),(22,12),(39,12),(47,12),(63,12),(70,12),(78,12),(79,12),(80,12),(87,12),(91,12),(98,12),(99,12),(1,13),(6,13),(8,13),(15,13),(19,13),(25,13),(26,13),(34,13),(43,13),(51,13),(55,13),(63,13),(69,13),(83,13),(84,13),(91,13),(92,13),(97,13),(98,13),(2,14),(7,14),(25,14),(49,14),(50,14),(59,14),(78,14),(84,14),(88,14),(95,14),(7,15),(31,15),(33,15),(41,15),(58,15),(62,15),(66,15),(71,15),(76,15),(85,15),(86,15),(12,16),(44,16),(55,16),(59,16),(60,16),(75,16),(78,16),(86,16),(1,17),(5,17),(14,17),(26,17),(27,17),(28,17),(37,17),(38,17),(40,17),(44,17),(47,17),(57,17),(66,17),(69,17),(71,17),(74,17),(81,17),(43,18),(51,18),(52,18),(64,18),(65,18),(79,18),(87,18),(12,19),(26,19),(28,19),(31,19),(34,19),(40,19),(52,19),(54,19),(57,19),(65,19),(77,19),(82,19),(92,19),(95,19),(3,20),(7,20),(9,20),(14,20),(16,20),(18,20),(30,20),(34,20),(35,20),(46,20),(51,20),(54,20),(56,20),(61,20),(68,20),(72,20),(75,20),(85,20),(89,20),(94,20),(95,20),(8,21),(19,21),(22,21),(24,21),(29,21),(35,21),(41,21),(43,21),(63,21),(67,21),(2,22),(4,22),(5,22),(20,22),(21,22),(24,22),(27,22),(29,22),(48,22),(54,22),(61,22),(76,22),(79,22),(84,22),(1,23),(11,23),(23,23),(37,23),(46,23),(58,23),(60,23),(61,23),(64,23),(73,23),(93,23),(94,23),(4,24),(10,24),(18,24),(27,24),(38,24),(52,24),(56,24),(67,24),(69,24),(73,24),(75,24),(92,24),(95,24),(96,24),(98,24),(4,25),(8,25),(11,25),(23,25),(27,25),(29,25),(33,25),(40,25),(45,25),(50,25),(53,25),(57,25),(68,25),(71,25),(86,25),(88,25),(93,25),(100,25),(10,26),(17,26),(29,26),(35,26),(39,26),(42,26),(60,26),(67,26),(74,26),(76,26),(91,26),(2,27),(16,27),(38,27),(59,27),(73,27),(82,27),(90,27),(15,28),(30,28),(33,28),(40,28),(42,28),(45,28),(54,28),(55,28),(56,28),(63,28),(72,28),(77,28),(81,28),(96,28),(100,28),(25,29),(32,29),(45,29),(46,29),(61,29),(62,29),(70,29),(82,29),(83,29),(84,29),(86,29),(93,29),(98,29),(32,30),(50,30),(70,30),(71,30),(83,30),(85,30),(88,30),(90,30);
/*!40000 ALTER TABLE `post_tags` ENABLE KEYS */;
UNLOCK TABLES;

--
-- Table structure for table `users`
--

DROP TABLE IF EXISTS `users`;
/*!40101 SET @saved_cs_client     = @@character_set_client */;
/*!50503 SET character_set_client = utf8mb4 */;
CREATE TABLE `users` (
  `user_id` int NOT NULL AUTO_INCREMENT,
  `username` varchar(255) NOT NULL,
  `profile_photo_url` varchar(255) DEFAULT 'https://picsum.photos/100',
  `bio` varchar(255) DEFAULT NULL,
  `created_at` timestamp NULL DEFAULT CURRENT_TIMESTAMP,
  `email` varchar(30) NOT NULL,
  `password` varchar(45) NOT NULL,
  PRIMARY KEY (`user_id`),
  UNIQUE KEY `username` (`username`)
) ENGINE=InnoDB AUTO_INCREMENT=51 DEFAULT CHARSET=utf8mb4 COLLATE=utf8mb4_0900_ai_ci;
/*!40101 SET character_set_client = @saved_cs_client */;

--
-- Dumping data for table `users`
--

LOCK TABLES `users` WRITE;
/*!40000 ALTER TABLE `users` DISABLE KEYS */;
INSERT INTO `users` VALUES (1,'roses_are_rosie','/assets/images/profile_photo_url/2.jpg','Hedonist yet Spiritual || IT at NITJ 2024','2022-04-25 13:54:49','as1mobiles@gmail.com','1'),(2,'a','/assets/images/profile_photo_url/1.jpg','soon to be updated','2022-04-25 13:54:49','admin@1shopbuy.com','1'),(3,'Sahib Singh','https://pbs.twimg.com/profile_images/1465003815820693506/gbTJoe66_400x400.jpg','Life is a journey, It drives you MAD.|| IT NITJ\'24','2022-04-25 13:54:49','12angeldesignworld@gmail.com',''),(4,'Sakshi Warandani','https://vader.news/__export/1612817390103/sites/gadgets/img/2021/02/08/ian_somerhalder_vampires.jpg_246448593.jpg','NITJ wish me on 23 jan','2022-04-25 13:54:49','deepak@24sevenindia.com',''),(5,'Omnicron Larson','https://picsum.photos/122','Heart Stealer','2022-04-25 13:54:49','101cartinfo@gmail.com',''),(6,'dettol sharma','https://picsum.photos/122','Dettol Stealer','2022-04-25 13:54:49','the.yellow.gold@gmail.com',''),(7,'sunil','https://picsum.photos/129','hotel manageemnt ','2022-04-25 13:54:49','deepak@24sevenindia.com',''),(8,'sanjay','https://picsum.photos/100','football lover','2022-04-25 13:54:49','deepak@24sevenindia.com',''),(9,'Axel Sivert Anker','https://picsum.photos/100','Norwegian','2022-04-25 13:54:49','gazender.686@gmail.com',''),(10,'Steven','https://picsum.photos/100','living life my way','2022-04-25 13:54:49','sravi07@yahoo.com',''),(11,'Jack','https://picsum.photos/100','??????? ?? ?? ???????','2022-04-25 13:54:49','contact@21fools.com',''),(12,'Oliver','https://picsum.photos/101','???????? ???????','2022-04-25 13:54:49','the.yellow.gold@gmail.com',''),(13,'James','https://picsum.photos/102','???? ?? ?? ? ???????','2022-04-25 13:54:49','contact@21fools.com',''),(14,'Charlie','https://picsum.photos/103','aap yha aae kisliye','2022-04-25 13:54:49','sravi07@yahoo.com',''),(15,'Harris','https://picsum.photos/104','???????? ?????','2022-04-25 13:54:49','pawan.modi1@gmail.com',''),(16,'Lewis','https://picsum.photos/105','aapne bulaya isilye','2022-04-25 13:54:49','as1mobiles@gmail.com',''),(17,'Leo','https://picsum.photos/106','??? ?ø?è?','2022-04-25 13:54:49','pawan.modi1@gmail.com',''),(18,'Noah','https://picsum.photos/107','aae hai toh kaam bi btiye','2022-04-25 13:54:49','sunglasses.24@gmail.com',''),(19,'Alfie','https://picsum.photos/108','??????','2022-04-25 13:54:49','deepak@24sevenindia.com',''),(20,'Rory','https://picsum.photos/109','phle zara aap muskurae','2022-04-25 13:54:49','pawan.modi1@gmail.com',''),(21,'Alexander','https://picsum.photos/110','??????? ??? ???','2022-04-25 13:54:49','umesh.agarwal@24x7safebuy.com',''),(22,'Max','https://picsum.photos/111','????????? ????','2022-04-25 13:54:49','as1mobiles@gmail.com',''),(23,'Logan','https://picsum.photos/112','???? ?????? ?? ?? ????','2022-04-25 13:54:49','101cartinfo@gmail.com',''),(24,'Harry','https://picsum.photos/113','hhddsgb','2022-04-25 13:54:49','shyamsunder121@gmail.com',''),(25,'Theo','https://picsum.photos/114','♥️??????????? ','2022-04-25 13:54:49','info@3coinsplus.com',''),(26,'Thomas','https://picsum.photos/115','siudgfibsiugs','2022-04-25 13:54:49','wasif1@2dayenterprises.com',''),(27,'Brodie','https://picsum.photos/116','????? ??????','2022-04-25 13:54:49','shyamsunder121@gmail.com',''),(28,'Archie','https://picsum.photos/117','uhiusgfufiusf','2022-04-25 13:54:49','wasif1@2dayenterprises.com',''),(29,'Jacob','https://picsum.photos/118',' ?????? ','2022-04-25 13:54:49','mail@3gmobileworld.in',''),(30,'Finlay','https://picsum.photos/119','usdsgbcu','2022-04-25 13:54:49','mail@3gmobileworld.in',''),(31,'Finn','https://picsum.photos/120','????? ?? ?? ?????','2022-04-25 13:54:49','pawan.modi1@gmail.com',''),(32,'Daniel','https://picsum.photos/121','hucussgcusn','2022-04-25 13:54:49','shyamsunder121@gmail.com',''),(33,'Joshua','https://picsum.photos/122','??? ??? ?? ???????','2022-04-25 13:54:49','sunglasses.24@gmail.com',''),(34,'Oscar','https://picsum.photos/123','??.???????','2022-04-25 13:54:49','gazender.686@gmail.com',''),(35,'Arthur','https://picsum.photos/124','???? ?? ?? ???? ??','2022-04-25 13:54:49','.',''),(36,'Hunter','https://picsum.photos/125','??????????','2022-04-25 13:54:49','mail@3gmobileworld.in',''),(37,'Ethan','https://picsum.photos/126','gygyuuy','2022-04-25 13:54:49','deepak@24sevenindia.com',''),(38,'Mason','https://picsum.photos/127',' ????? ','2022-04-25 13:54:49','sunglasses.24@gmail.com',''),(39,'Harrison','https://picsum.photos/128','gfytfvy','2022-04-25 13:54:49','contact@21fools.com',''),(40,'Freddie','https://picsum.photos/129','??????','2022-04-25 13:54:49','contact@21fools.com',''),(41,'Ollie','https://picsum.photos/130','fytfysguf','2022-04-25 13:54:49','mail@3gmobileworld.in',''),(42,'Adam','https://picsum.photos/131','? ???? ???? ? ??? ?????? ???? ?? ??? ? ???’? ???? ??? ???? ??','2022-04-25 13:54:49','sravi07@yahoo.com',''),(43,'William','https://picsum.photos/132','fyasu','2022-04-25 13:54:49','admin@1shopbuy.com',''),(44,'Jaxon','https://picsum.photos/133','???????? ???????','2022-04-25 13:54:49','info@3coinsplus.com',''),(45,'Aaron','https://picsum.photos/134','ytyftftyi','2022-04-25 13:54:49','gazender.686@gmail.com',''),(46,'Cameron','https://picsum.photos/135','uygdghfios','2022-04-25 13:54:49','shyamsunder121@gmail.com',''),(47,'Liam','https://picsum.photos/136','ygyugdysgc','2022-04-25 13:54:49','wasif1@2dayenterprises.com',''),(48,'George','https://picsum.photos/137','????? ?????','2022-04-25 13:54:49','as1mobiles@gmail.com',''),(49,'Jamie','https://picsum.photos/138','ygsgsogt','2022-04-25 13:54:49','pawan.modi1@gmail.com',''),(50,'Callum','https://picsum.photos/139','?????? ?????','2022-04-25 13:54:49','mail@3gmobileworld.in','');
/*!40000 ALTER TABLE `users` ENABLE KEYS */;
UNLOCK TABLES;

--
-- Table structure for table `videos`
--

DROP TABLE IF EXISTS `videos`;
/*!40101 SET @saved_cs_client     = @@character_set_client */;
/*!50503 SET character_set_client = utf8mb4 */;
CREATE TABLE `videos` (
  `video_id` int NOT NULL AUTO_INCREMENT,
  `video_url` varchar(255) NOT NULL,
  `post_id` int NOT NULL,
  `created_at` timestamp NULL DEFAULT CURRENT_TIMESTAMP,
  `size` float DEFAULT NULL,
  PRIMARY KEY (`video_id`),
  UNIQUE KEY `video_url` (`video_url`),
  CONSTRAINT `videos_chk_1` CHECK ((`size` < 10))
) ENGINE=InnoDB AUTO_INCREMENT=51 DEFAULT CHARSET=utf8mb4 COLLATE=utf8mb4_0900_ai_ci;
/*!40101 SET character_set_client = @saved_cs_client */;

--
-- Dumping data for table `videos`
--

LOCK TABLES `videos` WRITE;
/*!40000 ALTER TABLE `videos` DISABLE KEYS */;
INSERT INTO `videos` VALUES (1,'https://www.youtube.com/watch?v=1TKJvWbZErY',1,'2022-04-25 13:54:55',1),(2,'https://www.youtube.com/watch?v=dcgeBa78WE8',2,'2022-04-25 13:54:55',8),(3,'https://www.youtube.com/watch?v=vOfgVs6blGU',3,'2022-04-25 13:54:55',3),(4,'https://www.youtube.com/watch?v=gDGbwhoWRBQ',4,'2022-04-25 13:54:55',2),(5,'https://www.youtube.com/watch?v=UAj7FB-BFGg',5,'2022-04-25 13:54:55',1),(6,'https://www.youtube.com/watch?v=RzppsLjuSaI',6,'2022-04-25 13:54:55',3),(7,'https://www.youtube.com/watch?v=E1GLuxJ9mkU',7,'2022-04-25 13:54:55',3),(8,'https://www.youtube.com/watch?v=tjrFQQjTI6c',8,'2022-04-25 13:54:55',2),(9,'https://www.youtube.com/watch?v=IwNSd7m2HRg',9,'2022-04-25 13:54:55',7),(10,'https://www.youtube.com/watch?v=4javFbk9Kn8',10,'2022-04-25 13:54:55',9),(11,'https://www.youtube.com/watch?v=BuX7TQc4a0E',11,'2022-04-25 13:54:55',4),(12,'https://www.youtube.com/watch?v=4xx0YqaFalo',12,'2022-04-25 13:54:55',7),(13,'https://www.youtube.com/watch?v=n3LCQiuQn9o',13,'2022-04-25 13:54:55',2),(14,'https://www.youtube.com/watch?v=x9bmo0aPd0s',14,'2022-04-25 13:54:55',1),(15,'https://www.youtube.com/watch?v=UkTWeGJewTQ',15,'2022-04-25 13:54:55',1),(16,'https://www.youtube.com/watch?v=6GwUPaJh2Jg',16,'2022-04-25 13:54:55',9),(17,'https://www.youtube.com/watch?v=odHuMbTWIvU',17,'2022-04-25 13:54:55',4),(18,'https://www.youtube.com/watch?v=XxvEchaofrs',18,'2022-04-25 13:54:55',8),(19,'https://www.youtube.com/watch?v=3ZvSg5aU23E',19,'2022-04-25 13:54:55',6),(20,'https://www.youtube.com/watch?v=yBJM2RbLefA',20,'2022-04-25 13:54:55',5),(21,'https://www.youtube.com/watch?v=q6wb-EWR_lM',21,'2022-04-25 13:54:55',6),(22,'https://www.youtube.com/watch?v=PcCDzONDVsA',22,'2022-04-25 13:54:55',1),(23,'https://www.youtube.com/watch?v=2ne9HcY53AY',23,'2022-04-25 13:54:55',8),(24,'https://www.youtube.com/watch?v=OJeynsIPj9I',24,'2022-04-25 13:54:55',9),(25,'https://www.youtube.com/watch?v=kRGjTgObzX0',25,'2022-04-25 13:54:55',4),(26,'https://www.youtube.com/watch?v=btWZo8gUv-o',51,'2022-04-25 13:54:55',3),(27,'https://www.youtube.com/watch?v=7j338SJZjoM',52,'2022-04-25 13:54:55',4),(28,'https://www.youtube.com/watch?v=fidBadXy1dw',53,'2022-04-25 13:54:55',5),(29,'https://www.youtube.com/watch?v=1iem1pT2MkQ',54,'2022-04-25 13:54:55',7),(30,'https://www.youtube.com/watch?v=4N0ew6JMlss',55,'2022-04-25 13:54:55',4),(31,'https://www.youtube.com/watch?v=GXCdTSGNcOc',56,'2022-04-25 13:54:55',6),(32,'https://www.youtube.com/watch?v=JFoJCMXzLLw',57,'2022-04-25 13:54:55',4),(33,'https://www.youtube.com/watch?v=V-egEzLjnhc',58,'2022-04-25 13:54:55',5),(34,'https://www.youtube.com/watch?v=6B5UK2GC3gY',59,'2022-04-25 13:54:55',2),(35,'https://www.youtube.com/watch?v=MVRRN6TABcs',60,'2022-04-25 13:54:55',2),(36,'https://www.youtube.com/watch?v=1ABkmrZxQkQ',61,'2022-04-25 13:54:55',5),(37,'https://www.youtube.com/watch?v=cUz49dk86m8',62,'2022-04-25 13:54:55',9),(38,'https://www.youtube.com/watch?v=36BiplVD_Ng',63,'2022-04-25 13:54:55',7),(39,'https://www.youtube.com/watch?v=EoGYHDqbabw',64,'2022-04-25 13:54:55',9),(40,'https://www.youtube.com/watch?v=i1CmuuabIok',65,'2022-04-25 13:54:55',5),(41,'https://www.youtube.com/watch?v=gurapeu6PBk',66,'2022-04-25 13:54:55',9),(42,'https://www.youtube.com/watch?v=coHgDPBMLKg',67,'2022-04-25 13:54:55',7),(43,'https://www.youtube.com/watch?v=racdVMrEghs',68,'2022-04-25 13:54:55',6),(44,'https://www.youtube.com/watch?v=FKtbZtI0VJ0',69,'2022-04-25 13:54:55',9),(45,'https://www.youtube.com/watch?v=bWqt7op1VpI',70,'2022-04-25 13:54:55',2),(46,'https://www.youtube.com/watch?v=V_wXW4J73os',71,'2022-04-25 13:54:55',7),(47,'https://www.youtube.com/watch?v=sHg9e9a_cYM',72,'2022-04-25 13:54:55',8),(48,'https://www.youtube.com/watch?v=oaJJvO8Tte8',73,'2022-04-25 13:54:55',1),(49,'https://www.youtube.com/watch?v=ancKcoTvdYY',74,'2022-04-25 13:54:55',3),(50,'https://www.youtube.com/watch?v=n6kEYFPvtBY',75,'2022-04-25 13:54:55',8);
/*!40000 ALTER TABLE `videos` ENABLE KEYS */;
UNLOCK TABLES;
/*!40103 SET TIME_ZONE=@OLD_TIME_ZONE */;

/*!40101 SET SQL_MODE=@OLD_SQL_MODE */;
/*!40014 SET FOREIGN_KEY_CHECKS=@OLD_FOREIGN_KEY_CHECKS */;
/*!40014 SET UNIQUE_CHECKS=@OLD_UNIQUE_CHECKS */;
/*!40101 SET CHARACTER_SET_CLIENT=@OLD_CHARACTER_SET_CLIENT */;
/*!40101 SET CHARACTER_SET_RESULTS=@OLD_CHARACTER_SET_RESULTS */;
/*!40101 SET COLLATION_CONNECTION=@OLD_COLLATION_CONNECTION */;
/*!40111 SET SQL_NOTES=@OLD_SQL_NOTES */;

-- Dump completed on 2022-05-14 15:13:28
